t,D_L1_h,D_L1_w,D_L1_c,D_KL_h,D_KL_w,D_KL_c
0,1.342744796,1.171994569,0.007016223555,6.886332015,3.023281422,8.93029665e-05
0.0025,1.287473363,1.112415273,0.008213659883,5.263283526,2.124874782,0.0001209681707
0.005,1.227117976,1.053708567,0.00998807252,3.453024619,1.562575078,0.0001377465136
0.0075,1.162289783,1.000278174,0.00755607772,2.253990191,1.249186368,0.0001342974752
0.01,1.09309641,0.952730176,0.007366638223,1.616081612,1.056995005,0.0001270762965
0.0125,1.021398906,0.9099581826,0.008580487056,1.249992418,0.9309107709,0.0001168819973
0.015,0.9612708207,0.8747746794,0.008409914321,1.02250189,0.8434671182,0.0001271647108
0.0175,0.90956284,0.8474351981,0.009696374359,0.8742311601,0.777028267,0.0001318845421
0.02,0.8651592796,0.826878667,0.008307542861,0.7719582771,0.7245275447,0.0001096113001
0.0225,0.8323837553,0.8122285794,0.008291888726,0.6971052829,0.6809373008,0.0001033101067
0.025,0.8082077553,0.800078556,0.008842117814,0.6408287653,0.6442633448,0.0001043445079
0.0275,0.7912412682,0.7893127582,0.01029596527,0.5977466461,0.6119760897,0.0001303837775
0.03,0.7793727684,0.7784782219,0.009868758636,0.5630205863,0.5838088728,0.0001318797196
0.0325,0.7683510819,0.7686874454,0.009289612834,0.5337910826,0.5585783252,0.0001180372142
0.035,0.7601889334,0.7595480383,0.007161788043,0.5090542614,0.5355046659,9.433426396e-05
0.0375,0.753180212,0.7509978098,0.008856570348,0.4876631012,0.5140054826,0.0001095744937
0.04,0.7464998204,0.7423182219,0.007689897535,0.4688526378,0.4941526072,8.855068373e-05
0.0425,0.7394440646,0.7342102219,0.00825783826,0.4525231715,0.4760110241,0.0001005022066
0.045,0.7330110965,0.7262168456,0.009035591091,0.4373577227,0.4589108827,0.0001343919776
0.0475,0.7271832978,0.718983,0.0075984832,0.4237991307,0.4424347596,9.754073693e-05
0.05,0.7212656962,0.7114862219,0.00724657125,0.4113004129,0.4270760381,0.0001338984724
0.0525,0.7157197098,0.7047035949,0.007835561796,0.3995639641,0.4135862809,0.0001075772678
0.055,0.7106425349,0.698342947,0.008785856824,0.3892091345,0.4008046626,0.0001160086374
0.0575,0.7052179215,0.6921867247,0.008292507134,0.3788956735,0.3888036953,0.0001067316325
0.06,0.7004503059,0.686298947,0.007793690247,0.3699289777,0.3773903885,9.068432728e-05
0.0625,0.6959690824,0.6811797098,0.008264139387,0.3613757941,0.3670075029,8.886900415e-05
0.065,0.6913583059,0.6758456962,0.007879156662,0.3535234973,0.3572234801,9.779227849e-05
0.0675,0.6873483195,0.6707957098,0.006006469035,0.3460119131,0.3480981846,8.051268165e-05
0.07,0.6830477374,0.6659190965,0.007404303615,0.3394722255,0.3393475604,8.895183557e-05
0.0725,0.6790702854,0.661290777,0.006316675797,0.3330127919,0.3313650048,7.198189405e-05
0.075,0.6756870494,0.657166947,0.007919972401,0.3269750543,0.3238855552,9.032675499e-05
0.0775,0.6725210824,0.6530622637,0.008685927361,0.3215235749,0.316946439,9.006730811e-05
0.08,0.6694897987,0.6495450824,0.006665985204,0.3162030844,0.3105717289,9.922862548e-05
0.0825,0.6663168658,0.6457163195,0.008716023473,0.3114436423,0.3043679401,0.0001133174271
0.085,0.6632918123,0.64222226,0.00947397985,0.3067756121,0.2986828142,0.0001215400336
0.0875,0.6606355568,0.6391243195,0.006732824091,0.3025635578,0.293744347,8.05582497e-05
0.09,0.6577230494,0.6364120972,0.007587016377,0.2984132383,0.2888699444,9.098900915e-05
0.0925,0.6553769125,0.6338490824,0.007501478339,0.2949451697,0.2843646284,0.0001145370408
0.095,0.6530817987,0.6309043195,0.007688155615,0.2916987711,0.2799062332,9.48782372e-05
0.0975,0.6512148794,0.6279216033,0.007099268526,0.2886236778,0.2758538327,8.287200922e-05
0.1,0.6492490825,0.6256220643,0.008881784091,0.2856018753,0.2722589424,0.0001150070486
0.1025,0.6471899212,0.6231758123,0.006887453045,0.2827237625,0.2689760622,9.108188622e-05
0.105,0.6456096989,0.6210403196,0.007945307299,0.2801636089,0.2660560745,0.0001080821052
0.1075,0.6439623332,0.6193183662,0.008561169068,0.278024439,0.2632894157,0.000119055077
0.11,0.6428150961,0.6173610825,0.008367417681,0.2758656118,0.2603173999,0.000102622815
0.1125,0.6408590629,0.6152958123,0.007516887714,0.273637921,0.257761662,9.987299535e-05
0.115,0.6393359087,0.6135090825,0.007687089197,0.2716992904,0.2554451688,9.380719939e-05
0.1175,0.6381344827,0.6120784827,0.008023781953,0.2699883866,0.2532052656,0.0001097516737
0.12,0.6365844908,0.6102150961,0.007674305977,0.2684085867,0.2511485128,9.764868464e-05
0.1225,0.6356294589,0.6088613481,0.008132648451,0.2668409651,0.2492578136,0.000111610382
0.125,0.6343797279,0.607250111,0.008135615789,0.2653709382,0.2476747388,0.0001115766411
0.1275,0.6333949446,0.6061550961,0.007688348783,0.2641069623,0.2460984856,8.117705964e-05
0.13,0.6322923208,0.6048764908,0.008461044559,0.2627695648,0.2447207652,0.0001001963593
0.1325,0.6312325788,0.6039357074,0.008819134533,0.2616859901,0.2433200233,0.0001085418605
0.135,0.6303979791,0.6028964908,0.007603880227,0.2606759906,0.2420834186,8.90179131e-05
0.1375,0.6294888963,0.6022984772,0.009558564085,0.2597084634,0.2410075377,0.0001333884382
0.14,0.6286965788,0.6011209296,0.007886548838,0.2588390984,0.2399325438,0.0001093838413
0.1425,0.6281831853,0.5998205389,0.008578279963,0.258041026,0.2388176897,0.0001003871702
0.145,0.627114147,0.5990485788,0.008141532271,0.2572089771,0.2377771036,0.0001246270306
0.1475,0.6262494171,0.5982373417,0.008475280493,0.2564759721,0.236944871,0.0001166659299
0.15,0.6259061799,0.5976014171,0.008071165961,0.2558905058,0.236120088,0.0001104972918
0.1525,0.6254641663,0.59695401,0.009303949226,0.255310619,0.2353897887,0.0001186900509
0.155,0.6247314035,0.5962801663,0.007911386059,0.2547234243,0.2346866836,0.0001263753945
0.1575,0.6240794373,0.5957021799,0.009023918686,0.2541731053,0.2339969916,0.0001082908294
0.16,0.6235879776,0.5951573839,0.007968866674,0.2536395064,0.2334027385,0.0001171237488
0.1625,0.6232028035,0.5943001663,0.006816271734,0.2531792659,0.2328152874,9.372473363e-05
0.165,0.6226286609,0.5941014171,0.009105676485,0.2528007789,0.2324209247,0.0001327351011
0.1675,0.6223252537,0.5935301231,0.009384045296,0.252404249,0.2319983242,0.0001257496429
0.17,0.621913076,0.5933585045,0.009043640843,0.2521286482,0.2315615146,0.0001301957695
0.1725,0.6216398529,0.5929116757,0.009294682854,0.2517948066,0.2311790878,0.0001382873987
0.175,0.6213284663,0.5923848103,0.007749600365,0.2515065763,0.2307762298,0.0001102619007
0.1775,0.6210275205,0.592034975,0.007742112691,0.2512383578,0.2304259784,0.0001099788319
0.18,0.6207487107,0.5915322488,0.008175933306,0.2509691492,0.2300577869,0.0001043279082
0.1825,0.6203614923,0.5912278529,0.008036277156,0.2507037737,0.2297265666,0.0001231249636
0.185,0.6202179189,0.5911392156,0.009364007441,0.2505222698,0.2294561971,0.0001449892531
0.1875,0.6200671697,0.5907810592,0.008392816519,0.2503319843,0.2291332115,0.0001102490931
0.19,0.6198288803,0.5903714075,0.0073152036,0.2501085939,0.2288801783,0.0001071984562
0.1925,0.6196031162,0.590039783,0.007262206706,0.2499620489,0.2286481145,0.0001168009622
0.195,0.6194344177,0.5897499189,0.007456285681,0.2498271215,0.2284327448,0.0001196975679
0.1975,0.6190637754,0.5894531561,0.008233869308,0.2496377825,0.2282098743,0.0001400756963
0.2,0.6189237295,0.5892419189,0.007679372155,0.2494895745,0.2280508692,0.0001077572515
0.2025,0.6188092705,0.589130131,0.008207397341,0.2494273909,0.2279155169,0.0001219366975
0.205,0.6186394336,0.5888311476,0.006539147874,0.2493147626,0.2276968311,8.596084949e-05
0.2075,0.6183858654,0.5885884924,0.007592241117,0.2490998148,0.2275431397,0.0001025397495
0.21,0.6181204924,0.5884319372,0.007539246186,0.2489356189,0.2273712158,9.119709917e-05
0.2125,0.6180063847,0.5881684924,0.007360820853,0.2488028883,0.227250602,0.000107052368
0.215,0.6178853038,0.5880684924,0.007874176755,0.2486886873,0.2271099803,0.0001155450232
0.2175,0.6177139236,0.5879025877,0.008539805987,0.2485670881,0.2270271831,0.0001259281857
0.22,0.6175195354,0.5877791476,0.007503856557,0.2484696572,0.2268780406,0.0001092635949
0.2225,0.6174058654,0.5875733416,0.007405333836,0.248382665,0.2267588338,0.0001015227835
0.225,0.6173425924,0.5874127,0.00798265123,0.248307073,0.2266428096,0.0001055550714
0.2275,0.6171833552,0.587277979,0.009294425173,0.2482578555,0.2266026994,0.0001211258855
0.23,0.6171652008,0.5871633552,0.008488404597,0.2482054283,0.226468402,0.0001201319956
0.2325,0.6171273552,0.5870465924,0.008446663794,0.2481430707,0.2263868859,0.0001111454362
0.235,0.6169125787,0.5869627022,0.008296625961,0.2479972103,0.226328678,0.0001120711116
0.2375,0.6167389431,0.5868613416,0.008862214122,0.2479506332,0.2262357771,0.000119246837
0.24,0.6167039247,0.5867941469,0.00946543616,0.2478656,0.2261733158,0.0001304343133
0.2425,0.6166448156,0.5865367951,0.005902346955,0.2478160084,0.2260432578,8.970307795e-05
0.245,0.6164114795,0.5865585924,0.008576160625,0.2476782717,0.226011881,0.0001135171055
0.2475,0.6163545924,0.5864391476,0.008609687441,0.2476287833,0.2259659947,0.0001457349261
0.25,0.6162213416,0.5862469431,0.008940492519,0.2475878127,0.2258679991,0.0001104837915
0.2525,0.6161288156,0.5861834795,0.007823628094,0.2475194136,0.2258017052,9.460131801e-05
0.255,0.6160454084,0.586105979,0.01023263059,0.2474450211,0.2257337638,0.0001167541632
0.2575,0.6158871194,0.5859967031,0.008014212343,0.2473796671,0.2257086185,9.741453168e-05
0.26,0.6158120687,0.5859054659,0.007973378666,0.2473132667,0.2256325127,9.048851826e-05
0.2625,0.6156649651,0.5858788662,0.009177282972,0.2472432368,0.2255892075,0.0001160669022
0.265,0.6156555648,0.585778961,0.008894354621,0.2471739245,0.2255556124,0.0001032532759
0.2675,0.6155535728,0.5856964954,0.009604641697,0.2471339375,0.225485787,0.0001315165231
0.27,0.6155354795,0.5856233552,0.00936000209,0.2470648169,0.2254401137,0.0001176549864
0.2725,0.6154720213,0.5855327031,0.00880688196,0.2470297875,0.2253823016,0.0001126252041
0.275,0.6154225467,0.5854710341,0.006813894326,0.2469867246,0.2253391791,9.076695851e-05
0.2775,0.6153857678,0.5853932875,0.008386366811,0.2469311579,0.2252798603,0.000106104829
0.28,0.6153108711,0.5853727651,0.008272217006,0.2469050514,0.2252303158,0.0001197053472
0.2825,0.6152301033,0.5852494659,0.008174914764,0.2468694475,0.2251849959,0.0001128043662
0.285,0.6151509427,0.5851579333,0.008106095489,0.2468038404,0.2251328107,0.0001066227886
0.2875,0.6151030341,0.5850824175,0.00727046937,0.2467582016,0.2251004874,0.0001078479368
0.29,0.6150542338,0.5850674845,0.00759323858,0.2467269234,0.2250346163,0.0001085919474
0.2925,0.6149437486,0.5849609498,0.007949853418,0.2466540828,0.2249989831,9.540591801e-05
0.295,0.6149408828,0.5848728226,0.007915539659,0.2466656214,0.2249523334,0.0001011455802
0.2975,0.6148449291,0.5848056171,0.007296305918,0.2465851844,0.2249061047,0.0001097330285
0.3,0.6147602489,0.584777963,0.008269600009,0.2465839863,0.2248853646,0.0001098965758
0.3025,0.6146943325,0.5846500099,0.007722219113,0.2465164328,0.224804225,8.282486958e-05
0.305,0.6146320774,0.5845770167,0.008237114578,0.2464656962,0.2247818775,0.000117877587
0.3075,0.6146174709,0.5845523124,0.007242585249,0.2464499559,0.2247122003,0.0001024721843
0.31,0.6145256171,0.5844602474,0.008292981855,0.2464363971,0.2246951551,0.0001103355179
0.3125,0.6144774471,0.584381109,0.007435463353,0.2463742604,0.2246614841,0.0001171191457
0.315,0.6144224994,0.5843940845,0.007926184174,0.2463443713,0.224631356,9.420477676e-05
0.3175,0.6143695632,0.5843315831,0.008749043507,0.2463243653,0.2245791207,0.0001071040266
0.32,0.6142950303,0.584341175,0.008017483411,0.2462573482,0.2245844132,0.0001205572472
0.3225,0.6142633145,0.5843155496,0.00857409339,0.2462380091,0.2245618461,0.0001142064582
0.325,0.6141870303,0.5842427792,0.008879104611,0.2462018792,0.2245366815,0.0001057316954
0.3275,0.6141618217,0.5841917541,0.009324993038,0.2461743869,0.2245052508,0.0001320484712
0.33,0.6141204088,0.5840747131,0.009654126885,0.2461417378,0.2244696295,0.0001121109488
0.3325,0.6140772824,0.5839674845,0.009683042541,0.2460971887,0.224402668,0.0001656143986
0.335,0.6140139882,0.5839253932,0.008992891244,0.2460500186,0.2243719726,0.0001088609384
0.3375,0.6139367777,0.5838994845,0.009916211765,0.2460037941,0.2242997579,0.0001440056555
0.34,0.6139559003,0.5838495385,0.006961614362,0.2460082151,0.2242852745,7.967178037e-05
0.3425,0.6138590303,0.5837955496,0.008674085617,0.24596436,0.2242736097,9.91922053e-05
0.345,0.6138554549,0.5837626979,0.006195462539,0.2459104668,0.2242249565,9.628223971e-05
0.3475,0.6137901798,0.5837077193,0.008372336966,0.2459081684,0.2242213957,0.0001039345833
0.35,0.6136834845,0.5836345306,0.007165190345,0.2458493899,0.2241532116,0.0001012450887
0.3525,0.6136207669,0.5836410167,0.008008495936,0.2458220591,0.2241614124,0.0001130277369
0.355,0.6136162409,0.5835417127,0.008349747165,0.2457679267,0.2241428753,0.000108682114
0.3575,0.6135782675,0.5834879055,0.007481543159,0.2457213845,0.2240700902,0.0001303971348
0.36,0.6135130405,0.583497719,0.008428021334,0.2457006834,0.2240567197,0.0001110567838
0.3625,0.6134910068,0.5834117293,0.007670872709,0.2456522528,0.2240101832,9.427655755e-05
0.365,0.6134075672,0.583410417,0.009838278228,0.2456327289,0.2239909912,0.0001299167684
0.3675,0.6134448542,0.5833672564,0.007141819333,0.2456300007,0.2239642594,9.194901485e-05
0.37,0.6134009291,0.5832260322,0.008660036397,0.2456025276,0.2239285988,0.0001037906133
0.3725,0.6133229427,0.5831870303,0.007671886651,0.2455249795,0.2239349474,0.0001062416167
0.375,0.6132902338,0.583102064,0.007662133534,0.2455243635,0.2238914779,8.826498821e-05
0.3775,0.6131856171,0.5830827566,0.00975502523,0.2454773004,0.2238201321,0.000127488873
0.38,0.6131596307,0.5830655741,0.008249684896,0.2454308912,0.2238169723,0.0001307706297
0.3825,0.6130854709,0.5829900099,0.008741207031,0.2453957422,0.2237643887,0.0001088358607
0.385,0.6130428347,0.5829508498,0.008717214574,0.2453789145,0.2237364622,0.0001078628367
0.3875,0.6129764088,0.5829490438,0.008576720023,0.2453006906,0.2237079305,0.0001163601626
0.39,0.6129194845,0.5828490374,0.007093001605,0.2452603007,0.2236662579,9.426868974e-05
0.3925,0.6128408705,0.5827588016,0.006911804382,0.245236201,0.2236181179,0.000105259598
0.395,0.6128476405,0.5827562142,0.008052534765,0.2452138408,0.2235480729,0.0001009378349
0.3975,0.6128654504,0.5827055632,0.007230131822,0.2452032453,0.2235257682,9.941279366e-05
0.4,0.6127942338,0.5826310303,0.008620036849,0.2451631348,0.223492113,0.0001138941468
0.4025,0.6127024225,0.5825916307,0.008918942925,0.2451268485,0.2234645429,0.0001214738527
0.405,0.6126746124,0.5825215427,0.007954830916,0.2450623446,0.2234351407,0.0001172296982
0.4075,0.6125782338,0.582509109,0.008041274609,0.245028329,0.223419432,9.963117147e-05
0.41,0.6124864137,0.5825125126,0.00766500634,0.2450119454,0.2234166949,8.500402575e-05
0.4125,0.6124670391,0.5824367968,0.007958930085,0.2449613306,0.2233919051,0.0001056302488
0.415,0.6123833145,0.5823808542,0.01024372005,0.2449350206,0.2233693972,0.0001392244722
0.4175,0.612334445,0.5823488878,0.008169203803,0.2448759992,0.2232742145,0.0001138331004
0.42,0.6122933507,0.5823020099,0.007660750946,0.2448477172,0.2232325459,0.0001153674196
0.4225,0.6122438169,0.5822674047,0.008119085282,0.2448084348,0.2232167323,0.0001014345141
0.425,0.6122048362,0.5821874535,0.005582569226,0.2447974221,0.2231822659,0.0001005083329
0.4275,0.6121324415,0.5821376171,0.008247708151,0.2447504683,0.2231345161,0.0001215462905
0.43,0.6121002474,0.5821020873,0.00676495109,0.2447182853,0.223100501,0.0001023672995
0.4325,0.6120744137,0.5820142545,0.007362643088,0.2446895304,0.2230475239,0.0001065981571
0.435,0.6120396307,0.5820132387,0.008505855655,0.2446491709,0.223042213,0.0001291140168
0.4375,0.6120323461,0.5819504137,0.008768361476,0.2446552498,0.223028197,0.0001202575913
0.44,0.6119600083,0.5819184137,0.00691545987,0.2446000955,0.2229903209,9.168918753e-05
0.4425,0.6119508604,0.5818984137,0.007695118393,0.2445739815,0.2229602407,0.0001254600031
0.445,0.6119259991,0.5818908502,0.008855730332,0.2445171768,0.222956552,0.0001020727229
0.4475,0.6118502495,0.5817624137,0.007957538483,0.2444900391,0.2228875106,0.0001049941851
0.45,0.6118050374,0.5817380452,0.008155537981,0.2444565041,0.2228621969,0.0001146719786
0.4525,0.6117482539,0.5817174709,0.007082214817,0.2444074218,0.2228344032,0.0001093853696
0.455,0.6117410167,0.5816522047,0.006767660484,0.244362679,0.2228279737,0.0001113581766
0.4575,0.6116074845,0.5816311853,0.007333696453,0.2443231205,0.2228000149,0.0001043828549
0.46,0.6115965886,0.5815398077,0.007744885636,0.2442918941,0.2227605101,0.0001096950267
0.4625,0.6115764001,0.5815195496,0.007993145695,0.244310689,0.2227267351,0.0001061351522
0.465,0.6114959546,0.5815050374,0.007539787775,0.2442450868,0.2226855391,9.189282517e-05
0.4675,0.6114578003,0.5814313818,0.009058826569,0.2442138955,0.222650602,0.0001150973979
0.47,0.6113942675,0.5814375666,0.009561778731,0.2441789482,0.2226704451,0.0001498724207
0.4725,0.6113530374,0.5813455773,0.01129332035,0.2441458122,0.2226146076,0.0001643187918
0.475,0.6112469505,0.5813151853,0.006554231009,0.2441127687,0.2225539569,0.000106342534
0.4775,0.6111816508,0.5812745901,0.01060250587,0.2440690441,0.2225543741,0.0001539659637
0.48,0.6111440213,0.5812429505,0.009152517338,0.2440200254,0.2225099209,0.0001239279458
0.4825,0.6110608675,0.5812344137,0.008047285686,0.2439798613,0.22250671,0.0001085204875
0.485,0.6109748679,0.5811596307,0.009557998496,0.2439236626,0.2224616267,0.0001273704753
0.4875,0.6109472482,0.5811173716,0.008124548293,0.2439059817,0.2224105222,0.0001248059192
0.49,0.6109256507,0.5811087036,0.01047005656,0.2438612537,0.2224166485,0.0001364160843
0.4925,0.6110047655,0.5810950303,0.00900660328,0.2439024269,0.2223829387,9.304245564e-05
0.495,0.6109391239,0.5810402711,0.009406525805,0.2438093152,0.2223572846,0.0001126176613
0.4975,0.6109465766,0.5810310303,0.008344724957,0.2438064767,0.2223501846,0.0001188925201
0.5,0.6108790303,0.5810329668,0.008986599377,0.2437535891,0.2223212547,0.0001340009552
