t,T_mean_C,T_skin_C,T_bulk_C,enthalpy_J,mass_kg,rms_dist_to_bath_C
0,30,30,30,12380.3903,0.09875081997,48
10,29.89074531,28.02078567,29.95522668,12341.98284,0.09875356061,47.89240446
20,29.65570263,26.04890492,29.78007497,12251.42008,0.09875984605,47.66474139
30,29.3019449,24.15961383,29.47926666,12111.31914,0.09876927953,47.32699624
40,28.83438097,22.34834766,29.05803729,11923.68671,0.09878152575,46.88586657
50,28.25765684,20.61189272,28.52130388,11690.42503,0.09879627445,46.34678422
60,27.57742841,18.94645844,27.87504807,11413.8641,0.09881320046,45.71536116
70,26.79668096,17.35009224,27.1224254,11095.2289,0.09883207444,44.99363809
80,25.91953392,15.82005618,26.26779177,10736.22236,0.09885264709,44.18403325
90,24.94994441,14.35371498,25.31533163,10338.48476,0.09887468733,43.28803576
100,23.89171327,12.94853213,24.26906434,9903.595488,0.09889798121,42.30619317
110,22.74849455,11.60206641,23.13285414,9433.076271,0.09892233083,41.23806824
120,21.52393741,10.31196849,21.91055702,8928.449336,0.0989475493,40.08231323
130,20.22293383,9.075977749,20.60731163,8391.753284,0.09897342234,38.83808814
140,18.85552039,7.891919131,19.23357561,7827.157581,0.0989995904,37.5101244
150,17.44106904,6.757700126,17.80946107,7242.698183,0.09902542685,36.11522241
160,16.00691039,5.67130787,16.36331047,6649.712807,0.09905009749,34.68241328
170,14.58115872,4.630806335,14.92427432,6059.878232,0.09907280314,33.24471891
180,13.18581078,3.634333609,13.51517206,5482.354571,0.09909299628,31.82963635
190,11.83433737,2.680099272,12.15000075,4922.780429,0.09911043335,30.4548392
200,10.53308025,1.76638185,10.8353802,4383.841412,0.09912510189,29.129166
210,9.283887968,0.8915263643,9.573279748,3866.355494,0.09913711985,27.85569163
220,8.08630005,0.05394195208,8.363277915,3370.175871,0.09914666141,26.63446718
230,6.938860232,-0.7479004329,7.203920944,2894.735347,0.09915391676,25.46421368
240,5.839761155,-1.515470244,6.093389824,2439.314495,0.09915907432,24.34316496
250,4.787116753,-2.250179493,5.02978214,2003.155536,0.0991623142,23.26942676
260,3.779063792,-2.953384832,4.011217192,1585.50528,0.0991638063,22.24111169
270,2.813795224,-3.626389568,3.035870561,1185.629647,0.09916371017,21.25638425
280,1.889569107,-4.270445609,2.101983408,802.8179661,0.09916217522,20.31347349
290,1.00470955,-4.886755349,1.207863512,436.38389,0.09915934127,19.41067504
300,0.1576052634,-5.476473489,0.3518838411,85.66524763,0.099155339,18.54635002
310,-0.6532925152,-6.040708801,-0.4675195398,-249.9764142,0.09915029036,17.71892292
320,-1.429472217,-6.580525831,-1.251849678,-571.1563876,0.09914430911,16.9268795
330,-2.172364109,-7.096946542,-2.002550922,-878.4673926,0.09913750115,16.16876452
340,-2.883342408,-7.590951913,-2.721011046,-1172.480181,0.09912996501,15.44317967
350,-3.563727321,-8.063483472,-3.408563315,-1453.744145,0.09912179216,14.74878143
360,-4.214787017,-8.515444784,-4.066488473,-1722.787931,0.09911306746,14.08427914
370,-4.837739545,-8.947702888,-4.696016671,-1980.120049,0.09910386944,13.44843303
380,-5.433754673,-9.361089684,-5.298329328,-2226.229484,0.09909427071,12.84005235
390,-6.003955678,-9.756403274,-5.874560933,-2461.586306,0.09908433822,12.25799357
400,-6.549421067,-10.13440925,-6.425800785,-2686.642264,0.09907413364,11.70115863
410,-7.071186248,-10.49584196,-6.953094672,-2901.831386,0.09906371361,11.16849325
420,-7.570245138,-10.84140568,-7.457446499,-3107.570561,0.09905313004,10.65898532
430,-8.047551724,-11.17177582,-7.939819858,-3304.260116,0.09904243042,10.17166328
440,-8.504021561,-11.48760001,-8.401139545,-3492.284383,0.09903165803,9.705594647
450,-8.94053323,-11.7894992,-8.842293024,-3672.012256,0.09902085224,9.259884491
460,-9.357929739,-12.0780687,-9.264131844,-3843.797731,0.09901004872,8.833674058
470,-9.757019879,-12.35387919,-9.667473006,-4007.980439,0.0989992797,8.426139371
480,-10.13857953,-12.61747769,-10.05310028,-4164.886167,0.09898857419,8.036489915
490,-10.50335292,-12.86938848,-10.42176549,-4314.827363,0.09897795816,7.663967353
500,-10.85205387,-13.11011404,-10.77418973,-4458.10363,0.09896745478,7.307844292
510,-11.18536692,-13.34013587,-11.11106454,-4595.002202,0.09895708461,6.967423091
520,-11.50394851,-13.55991536,-11.4330531,-4725.798417,0.09894686576,6.64203471
530,-11.80842805,-13.76989457,-11.74079127,-4850.756165,0.09893681409,6.331037599
540,-12.09940899,-13.97049705,-12.03488871,-4970.128329,0.09892694337,6.033816628
550,-12.37746982,-14.16212851,-12.31592987,-5084.157212,0.09891726544,5.749782056
560,-12.64316508,-14.34517764,-12.58447499,-5193.074945,0.09890779033,5.478368534
570,-12.89702625,-14.5200167,-12.84106107,-5297.103895,0.09889852647,5.219034145
580,-13.13956275,-14.68700226,-13.08620277,-5396.457043,0.09888948076,4.97125948
590,-13.37126272,-14.8464758,-13.3203933,-5491.338362,0.09888065871,4.734546745
600,-13.59259394,-14.99876435,-13.5441053,-5581.943174,0.09887206459,4.508418907
610,-13.8040046,-15.14418104,-13.75779162,-5668.458504,0.0988637015,4.292418859
620,-14.00592411,-15.28302572,-13.96188613,-5751.063409,0.09885557152,4.086108631
630,-14.19876386,-15.41558549,-14.15680449,-5829.929307,0.09884767575,3.889068616
640,-14.38291791,-15.54213522,-14.3429449,-5905.220286,0.09884001447,3.700896837
650,-14.55876371,-15.66293802,-14.52068874,-5977.093406,0.09883258717,3.521208235
660,-14.72666281,-15.77824582,-14.69040133,-6045.69899,0.09882539264,3.349633982
670,-14.88696144,-15.88829972,-14.85243253,-6111.1809,0.0988184291,3.185820826
680,-15.03999118,-15.99333053,-15.00711741,-6173.676806,0.09881169418,3.029430454
690,-15.18606955,-16.09355916,-15.1547768,-6233.318445,0.09880518504,2.88013889
700,-15.32550057,-16.18919703,-15.29571793,-6290.231869,0.09879889844,2.737635899
710,-15.45857533,-16.28044647,-15.43023495,-6344.537679,0.09879283075,2.601624435
720,-15.58557253,-16.36750112,-15.55860948,-6396.351262,0.09878697803,2.47182009
730,-15.70675896,-16.45054627,-15.68111112,-6445.783003,0.09878133606,2.347950579
740,-15.82239003,-16.52975921,-15.79799799,-6492.9385,0.09877590041,2.22975524
750,-15.93271019,-16.60530961,-15.90951711,-6537.918767,0.09877066645,2.11698455
760,-16.03795347,-16.67735977,-16.01590497,-6580.820428,0.09876562939,2.009399667
770,-16.1383438,-16.746065,-16.1173879,-6621.735901,0.09876078434,1.906771985
780,-16.23409555,-16.81157385,-16.2141825,-6660.753582,0.09875612629,1.808882706
790,-16.32541382,-16.87402848,-16.30649607,-6697.958012,0.09875165017,1.715522436
800,-16.41249492,-16.93356484,-16.39452699,-6733.430046,0.09874735089,1.626490788
810,-16.49552667,-16.990313,-16.47846507,-6767.247007,0.09874322332,1.541596007
820,-16.57468879,-17.04439736,-16.55849195,-6799.482839,0.09873926232,1.460654607
830,-16.65015325,-17.09593692,-16.6347814,-6830.208254,0.09873546279,1.383491024
840,-16.72208457,-17.1450455,-16.70749971,-6859.490868,0.09873181964,1.309937284
850,-16.79064013,-17.19183194,-16.77680593,-6887.395335,0.09872832783,1.239832683
860,-16.85597052,-17.23640035,-16.84285225,-6913.983476,0.09872498239,1.173023479
870,-16.91821976,-17.2788503,-16.90578422,-6939.3144,0.0987217784,1.109362597
880,-16.97752564,-17.31927698,-16.96574111,-6963.444622,0.09871871103,1.048709349
890,-17.03401994,-17.35777144,-17.02285609,-6986.428172,0.09871577551,0.9909291636
900,-17.08782872,-17.39442074,-17.07725658,-7008.31671,0.09871296719,0.9358933235
910,-17.13907253,-17.42930811,-17.1290644,-7029.159619,0.0987102815,0.8834787193
920,-17.18786666,-17.46251316,-17.1783961,-7049.004111,0.09870771396,0.8335676095
930,-17.2343214,-17.49411198,-17.2253631,-7067.895319,0.09870526023,0.7860473927
940,-17.27854217,-17.52417732,-17.27007199,-7085.876385,0.09870291603,0.7408103877
950,-17.32062981,-17.55277875,-17.31262467,-7102.988549,0.09870067723,0.6977536237
960,-17.36068073,-17.57998276,-17.35311859,-7119.271232,0.0986985398,0.6567786391
970,-17.39878713,-17.60585292,-17.39164693,-7134.762115,0.0986964998,0.6177912885
980,-17.43503714,-17.63044999,-17.42829877,-7149.49721,0.09869455343,0.5807015578
990,-17.46951505,-17.65383205,-17.46315929,-7163.510942,0.098692697,0.5454233876
1000,-17.50230142,-17.67605464,-17.49630993,-7176.836208,0.09869092692,0.5118745032
1010,-17.53347327,-17.69717082,-17.52782853,-7189.504451,0.09868923972,0.4799762528
1020,-17.56310424,-17.7172313,-17.55778952,-7201.545721,0.09868763204,0.4496534517
1030,-17.59126472,-17.73628457,-17.58626403,-7212.988734,0.09868610063,0.4208342339
1040,-17.61802197,-17.75437694,-17.61332007,-7223.860934,0.09868464236,0.3934499098
1050,-17.64344032,-17.7715527,-17.63902265,-7234.188545,0.09868325417,0.36743483
1060,-17.66758122,-17.78785415,-17.66343388,-7243.996625,0.09868193316,0.3427262552
1070,-17.69050342,-17.80332172,-17.68661314,-7253.30912,0.09868067649,0.3192642323
1080,-17.71226308,-17.81799405,-17.70861718,-7262.14891,0.09867948143,0.2969914754
1090,-17.73291383,-17.83190803,-17.72950024,-7270.537856,0.09867834536,0.2758532529
1100,-17.75250697,-17.84509895,-17.74931414,-7278.496842,0.09867726575,0.25579728
1110,-17.77109147,-17.8576005,-17.7681084,-7286.045826,0.09867624016,0.2367736162
1120,-17.78871417,-17.86944486,-17.78593035,-7293.20387,0.09867526624,0.2187345689
1130,-17.80541979,-17.8806628,-17.80282521,-7299.989189,0.09867434175,0.201634602
1140,-17.82125109,-17.89128368,-17.81883617,-7306.419179,0.09867346451,0.1854302507
1150,-17.83624888,-17.90133558,-17.83400451,-7312.510461,0.09867263243,0.1700800426
1160,-17.85045219,-17.9108453,-17.84836967,-7318.27891,0.09867184352,0.1555444259
1170,-17.86389828,-17.91983845,-17.86196931,-7323.739692,0.09867109584,0.1417857063
1180,-17.87662276,-17.92833946,-17.87483943,-7328.907288,0.09867038755,0.1287679937
1190,-17.88865964,-17.93637172,-17.88701439,-7333.795533,0.09866971687,0.1164571637
1200,-17.90004139,-17.9439575,-17.89852704,-7338.417638,0.0986690821,0.1048208369
1210,-17.91079904,-17.95111812,-17.90940873,-7342.786219,0.0986684816,0.09382838695
1220,-17.92096223,-17.95787392,-17.91968941,-7346.913327,0.09866791382,0.08345098977
1230,-17.93055924,-17.96424431,-17.92939769,-7350.810465,0.09866737724,0.07366174269
1240,-17.93961711,-17.97024783,-17.93856088,-7354.488621,0.09866687042,0.06443589925
1250,-17.94816164,-17.97590219,-17.94720507,-7357.958285,0.09866639199,0.05575131311
1260,-17.95621748,-17.98122429,-17.95535517,-7361.229471,0.09866594062,0.04758927879
1270,-17.96380814,-17.98623027,-17.96303496,-7364.311743,0.09866551505,0.03993617898
1280,-17.97095608,-17.99093551,-17.97026714,-7367.214228,0.09866511406,0.03278690497
1290,-17.97768277,-17.99535474,-17.97707339,-7369.945641,0.09866473649,0.026152557
1300,-17.98400866,-17.99950196,-17.9834744,-7372.5143,0.09866438123,0.02007967605
1310,-17.98995329,-18.00339058,-17.98948994,-7374.928144,0.09866404721,0.01470433594
1320,-17.99553532,-18.00703338,-17.99513884,-7377.194752,0.09866373342,0.01041567734
1330,-18.00077256,-18.01044254,-18.00043911,-7379.321356,0.09866343888,0.00819693244
1340,-18.00568198,-18.01362971,-18.00540792,-7381.314857,0.09866316266,0.00900377714
1350,-18.01027981,-18.01660597,-18.01006167,-7383.181843,0.09866290387,0.0118426566
1360,-18.01458152,-18.01938194,-18.01441599,-7384.928597,0.09866266165,0.01536546986
1370,-18.01860187,-18.0219677,-18.01848581,-7386.561116,0.0986624352,0.01900231097
1380,-18.02235494,-18.02437289,-18.02228536,-7388.08512,0.09866222374,0.02255387492
1390,-18.02585418,-18.02660671,-18.02582823,-7389.506066,0.09866202651,0.02594613856
1400,-18.0291124,-18.02867793,-18.02912738,-7390.829161,0.09866184282,0.02915096743
1410,-18.03214183,-18.0305949,-18.03219517,-7392.05937,0.09866167198,0.03215924775
1420,-18.03495413,-18.03236559,-18.03504339,-7393.201429,0.09866151334,0.03497057192
1430,-18.03756043,-18.03399761,-18.03768328,-7394.259854,0.09866136628,0.03758879417
1440,-18.03997132,-18.03549821,-18.04012557,-7395.238952,0.09866123022,0.0400199271
1450,-18.04219693,-18.03687428,-18.04238047,-7396.142829,0.09866110459,0.04227106945
1460,-18.0442469,-18.03813242,-18.04445775,-7396.975402,0.09866098885,0.04434982685
1470,-18.04613042,-18.0392789,-18.04636668,-7397.740402,0.09866088248,0.0462639848
1480,-18.04785626,-18.0403197,-18.04811614,-7398.441387,0.098660785,0.04802131808
1490,-18.04943276,-18.04126052,-18.04971456,-7399.081749,0.09866069594,0.0496294775
1500,-18.05086789,-18.04210679,-18.05117,-7399.664719,0.09866061485,0.05109592233
1510,-18.05216924,-18.04286368,-18.05249012,-7400.193377,0.0986605413,0.05242788033
1520,-18.05334402,-18.04353612,-18.05368223,-7400.670659,0.0986604749,0.05363232533
1530,-18.05439914,-18.0441288,-18.05475329,-7401.099358,0.09866041525,0.05471596575
1540,-18.05534115,-18.04464618,-18.05570994,-7401.48214,0.09866036198,0.05568524038
1550,-18.05617629,-18.04509253,-18.05655849,-7401.821539,0.09866031475,0.05654631893
1560,-18.05691052,-18.04547189,-18.05730496,-7402.119973,0.09866027321,0.05730510558
1570,-18.05754951,-18.04578812,-18.05795508,-7402.379741,0.09866023705,0.05796724469
1580,-18.05809866,-18.04604488,-18.0585143,-7402.603034,0.09866020597,0.05853812776
1590,-18.05856309,-18.04624568,-18.05898783,-7402.791937,0.09866017968,0.05902290127
1600,-18.0589477,-18.04639382,-18.05938059,-7402.948434,0.09866015789,0.05942647496
1610,-18.05925714,-18.04649248,-18.0596973,-7403.074415,0.09866014035,0.05975353044
1620,-18.05949583,-18.04654466,-18.05994243,-7403.171676,0.09866012681,0.06000852983
1630,-18.059668,-18.04655321,-18.06012024,-7403.241927,0.09866011703,0.06019572439
1640,-18.05977765,-18.04652085,-18.06023478,-7403.286795,0.09866011078,0.06031916306
1650,-18.05982858,-18.04645017,-18.0602899,-7403.307826,0.09866010785,0.06038270079
1660,-18.05982443,-18.04634362,-18.06028928,-7403.306492,0.09866010803,0.06039000676
1670,-18.05976863,-18.04620354,-18.06023639,-7403.284191,0.09866011113,0.06034457222
1680,-18.05966446,-18.04603213,-18.06013454,-7403.242252,0.09866011697,0.06024971823
1690,-18.05951504,-18.04583152,-18.05998689,-7403.181938,0.09866012536,0.06010860304
1700,-18.05932332,-18.04560369,-18.05979641,-7403.10445,0.09866013614,0.05992422928
1710,-18.05909211,-18.04535054,-18.05956596,-7403.010928,0.09866014916,0.05969945079
1720,-18.05882408,-18.04507388,-18.05929822,-7402.902454,0.09866016425,0.05943697933
1730,-18.05852175,-18.0447754,-18.05899577,-7402.780057,0.09866018129,0.05913939085
1740,-18.05818755,-18.04445675,-18.05866102,-7402.644713,0.09866020013,0.05880913168
1750,-18.05782374,-18.04411944,-18.0582963,-7402.497348,0.09866022063,0.05844852438
1760,-18.05743249,-18.04376494,-18.05790378,-7402.33884,0.09866024269,0.05805977331
1770,-18.05701585,-18.04339463,-18.05748555,-7402.170024,0.09866026619,0.05764497008
1780,-18.05657578,-18.04300982,-18.05704358,-7401.99169,0.098660291,0.0572060987
1790,-18.05611412,-18.04261175,-18.05657972,-7401.804588,0.09866031704,0.05674504049
1800,-18.05563262,-18.04220159,-18.05609576,-7401.609426,0.0986603442,0.05626357884
1810,-18.05513294,-18.04178046,-18.05559337,-7401.406879,0.09866037238,0.05576340373
1820,-18.05461663,-18.0413494,-18.05507413,-7401.197583,0.09866040151,0.05524611607
1830,-18.0540852,-18.0409094,-18.05453954,-7400.982141,0.09866043148,0.05471323182
1840,-18.05354005,-18.04046141,-18.05399104,-7400.761125,0.09866046223,0.05416618598
1850,-18.05298251,-18.04000632,-18.05342996,-7400.535073,0.09866049368,0.05360633637
1860,-18.05241383,-18.03954496,-18.05285758,-7400.304498,0.09866052576,0.05303496724
1870,-18.05183521,-18.03907812,-18.0522751,-7400.069881,0.0986605584,0.05245329275
1880,-18.05124776,-18.03860656,-18.05168366,-7399.831679,0.09866059154,0.05186246027
1890,-18.05065255,-18.03813097,-18.05108433,-7399.590321,0.09866062511,0.05126355355
1900,-18.05005059,-18.03765203,-18.05047812,-7399.346216,0.09866065907,0.05065759574
1910,-18.0494428,-18.03717035,-18.04986599,-7399.099745,0.09866069335,0.05004555227
1920,-18.0488301,-18.03668652,-18.04924884,-7398.851271,0.09866072791,0.04942833361
1930,-18.04821331,-18.0362011,-18.04862752,-7398.601134,0.09866076269,0.04880679793
1940,-18.04759322,-18.03571461,-18.04800283,-7398.349656,0.09866079767,0.04818175356
1950,-18.04697058,-18.03522753,-18.04737551,-7398.097137,0.09866083278,0.04755396146
1960,-18.04634609,-18.03474033,-18.04674629,-7397.843863,0.098660868,0.04692413748
1970,-18.04572041,-18.03425344,-18.04611582,-7397.5901,0.09866090329,0.04629295454
1980,-18.04509414,-18.03376725,-18.04548473,-7397.336099,0.09866093861,0.04566104476
1990,-18.04446789,-18.03328215,-18.0448536,-7397.082095,0.09866097392,0.04502900142
2000,-18.04384217,-18.03279849,-18.04422299,-7396.828308,0.09866100921,0.04439738089
2010,-18.04321751,-18.0323166,-18.04359341,-7396.574946,0.09866104443,0.04376670444
2020,-18.04259439,-18.03183679,-18.04296534,-7396.3222,0.09866107957,0.04313745998
2030,-18.04197323,-18.03135934,-18.04233923,-7396.070253,0.09866111459,0.04251010375
2040,-18.04135447,-18.03088451,-18.04171551,-7395.819273,0.09866114948,0.04188506182
2050,-18.04073849,-18.03041257,-18.04109456,-7395.569417,0.09866118421,0.04126273169
2060,-18.04012565,-18.02994373,-18.04047675,-7395.320832,0.09866121876,0.04064348368
2070,-18.03951628,-18.0294782,-18.03986242,-7395.073653,0.09866125311,0.04002766232
2080,-18.0389107,-18.0290162,-18.03925189,-7394.828008,0.09866128725,0.03941558765
2090,-18.03830919,-18.02855789,-18.03864544,-7394.584014,0.09866132116,0.03880755649
2100,-18.03771203,-18.02810344,-18.03804336,-7394.341778,0.09866135482,0.03820384361
2110,-18.03711945,-18.02765301,-18.03744588,-7394.101403,0.09866138823,0.03760470288
2120,-18.03653169,-18.02720673,-18.03685324,-7393.862979,0.09866142135,0.03701036836
2130,-18.03594896,-18.02676474,-18.03626566,-7393.626592,0.0986614542,0.03642105532
2140,-18.03537145,-18.02632714,-18.03568332,-7393.39232,0.09866148675,0.03583696124
2150,-18.03479932,-18.02589405,-18.0351064,-7393.160233,0.09866151899,0.03525826673
2160,-18.03423275,-18.02546556,-18.03453507,-7392.930397,0.09866155092,0.03468513645
2170,-18.03367188,-18.02504174,-18.03396947,-7392.70287,0.09866158253,0.03411771995
2180,-18.03311683,-18.02462269,-18.03340973,-7392.477706,0.09866161381,0.03355615248
2190,-18.03256773,-18.02420846,-18.03285598,-7392.254952,0.09866164475,0.03300055578
2200,-18.03202467,-18.02379911,-18.03230831,-7392.03465,0.09866167535,0.0324510388
2210,-18.03148776,-18.02339469,-18.03176683,-7391.816839,0.09866170561,0.03190769842
2220,-18.03095708,-18.02299524,-18.03123162,-7391.601553,0.09866173551,0.03137062011
2230,-18.03043269,-18.02260081,-18.03070275,-7391.388819,0.09866176505,0.03083987857
2240,-18.02991466,-18.02221141,-18.03018029,-7391.178664,0.09866179424,0.03031553835
2250,-18.02940304,-18.02182708,-18.02966428,-7390.971108,0.09866182306,0.0297976544
2260,-18.02889787,-18.02144782,-18.02915477,-7390.766169,0.09866185152,0.02928627264
2270,-18.02839919,-18.02107365,-18.0286518,-7390.563862,0.09866187961,0.02878143051
2280,-18.02790703,-18.02070458,-18.02815539,-7390.364197,0.09866190734,0.02828315739
2290,-18.0274214,-18.02034062,-18.02766557,-7390.167183,0.09866193469,0.02779147518
2300,-18.02694232,-18.01998174,-18.02718235,-7389.972824,0.09866196168,0.02730639866
2310,-18.0264698,-18.01962796,-18.02670573,-7389.781125,0.0986619883,0.02682793597
2320,-18.02600384,-18.01927925,-18.02623572,-7389.592084,0.09866201454,0.02635608901
2330,-18.02554442,-18.0189356,-18.02577231,-7389.4057,0.09866204042,0.02589085382
2340,-18.02509154,-18.018597,-18.02531549,-7389.221968,0.09866206592,0.02543222095
2350,-18.02464519,-18.01826343,-18.02486525,-7389.040883,0.09866209106,0.02498017581
2360,-18.02420534,-18.01793485,-18.02442157,-7388.862435,0.09866211583,0.02453469901
2370,-18.02377197,-18.01761124,-18.02398441,-7388.686615,0.09866214024,0.02409576669
2380,-18.02334505,-18.01729258,-18.02355376,-7388.513412,0.09866216428,0.02366335077
2390,-18.02292455,-18.01697882,-18.02312958,-7388.342812,0.09866218796,0.02323741931
2400,-18.02251043,-18.01666994,-18.02271183,-7388.1748,0.09866221128,0.02281793672
