t,p_1,QFI,trace_distance
0,0.2227001388,0,0.04624128254
0.02,0.2246587297,0.0005693364993,0.04428269162
0.04,0.2265343628,0.002153746598,0.04240705857
0.06,0.2283305517,0.004586185457,0.04061086964
0.08,0.2300506615,0.00772154131,0.03889075989
0.1,0.2316979144,0.01143382407,0.03724350694
0.12,0.2332753965,0.01561373308,0.03566602486
0.14,0.2347860629,0.0201665483,0.03415535844
0.16,0.2362327437,0.025010298,0.03270867766
0.18,0.237618149,0.03007416387,0.03132327233
0.2,0.2389448743,0.03529709035,0.02999654709
0.22,0.2402154049,0.04062657007,0.02872601648
0.24,0.241432121,0.04601758174,0.02750930033
0.26,0.2425973021,0.05143165999,0.02634411929
0.28,0.2437131308,0.05683608003,0.02522829053
0.3,0.2447816977,0.06220314212,0.0241597237
0.32,0.2458050044,0.06750954305,0.02313641697
0.34,0.2467849681,0.07273582376,0.02215645331
0.36,0.2477234245,0.07786588343,0.0212179969
0.38,0.2486221317,0.08288655189,0.02031928964
0.4,0.2494827734,0.0877872132,0.01945864794
0.42,0.2503069619,0.09255947406,0.01863445948
0.44,0.2510962411,0.09719687187,0.01784518027
0.46,0.2518520897,0.1016946175,0.01708933168
0.48,0.2525759236,0.1060493685,0.01636549773
0.5,0.2532690989,0.1102590301,0.01567232243
0.52,0.2539329142,0.1143225786,0.01500850718
0.54,0.254568613,0.1182399078,0.01437280842
0.56,0.2551773861,0.122011692,0.01376403525
0.58,0.2557603742,0.125639267,0.01318104721
0.6,0.2563186692,0.1291245249,0.01262275216
0.62,0.2568533172,0.1324698219,0.01208810419
0.64,0.2573653197,0.1356778976,0.01157610171
0.66,0.2578556358,0.1387518042,0.01108578556
0.68,0.2583251842,0.1416948447,0.01061623719
0.7,0.2587748444,0.1445105191,0.01016657696
0.72,0.2592054589,0.1472024774,0.009735962488
0.74,0.2596178343,0.1497744788,0.00932358708
0.76,0.2600127432,0.1522303566,0.008928678202
0.78,0.2603909253,0.1545739874,0.008550496043
0.8,0.2607530892,0.1568092652,0.008188332127
0.82,0.2610999134,0.1589400787,0.007841507989
0.84,0.2614320475,0.1609702925,0.007509373898
0.86,0.2617501137,0.1629037304,0.007191307643
0.88,0.262054708,0.1647441623,0.006886713369
0.9,0.2623464009,0.1664952925,0.006595020459
0.92,0.2626257389,0.1681607504,0.006315682462
0.94,0.2628932453,0.1697440829,0.006048176077
0.96,0.2631494212,0.1712487484,0.005792000164
0.98,0.2633947466,0.1726781118,0.005546674812
1,0.2636296809,0.174035441,0.005311740434
1.02,0.2638546645,0.1753239044,0.005086756912
1.04,0.2640701186,0.1765465692,0.004871302769
1.06,0.264276447,0.1777064002,0.004664974379
1.08,0.2644740362,0.1788062598,0.004467385213
1.1,0.2646632563,0.1798489079,0.004278165112
1.12,0.2648444618,0.1808370032,0.004096959599
1.14,0.2650179922,0.1817731038,0.003923429207
1.16,0.2651841725,0.1826596687,0.00375724885
1.18,0.2653433142,0.1834990601,0.003598107211
1.2,0.2654957152,0.1842935448,0.003445706159
1.22,0.2656416612,0.1850452966,0.003299760189
1.24,0.2657814255,0.1857563988,0.003159995892
1.26,0.2659152699,0.1864288463,0.003026151437
1.28,0.2660434453,0.1870645485,0.002897976083
1.3,0.2661661917,0.1876653319,0.002775229712
1.32,0.266283739,0.1882329421,0.002657682373
1.34,0.2663963075,0.1887690476,0.002545113856
1.36,0.2665041081,0.1892752415,0.00243731328
1.38,0.2666073427,0.1897530444,0.002334078694
1.4,0.2667062047,0.1902039075,0.002235216701
1.42,0.2668008793,0.1906292147,0.002140542097
1.44,0.2668915439,0.1910302854,0.00204987752
1.46,0.2669783682,0.1914083769,0.001963053122
1.48,0.2670615151,0.1917646871,0.00187990625
1.5,0.2671411402,0.1921003567,0.001800281137
1.52,0.2672173928,0.1924164718,0.001724028618
1.54,0.2672904155,0.1927140658,0.001651005842
1.56,0.2673603454,0.1929941221,0.001581076012
1.58,0.2674273132,0.1932575759,0.001514108122
1.6,0.2674914447,0.1935053166,0.001449976716
1.62,0.2675528597,0.1937381894,0.001388561654
1.64,0.2676116735,0.1939569978,0.001329747882
1.66,0.2676679961,0.1941625051,0.00127342522
1.68,0.2677219332,0.1943554362,0.001219488155
1.7,0.2677735857,0.1945364797,0.001167835642
1.72,0.2678230505,0.1947062891,0.001118370918
1.74,0.2678704201,0.1948654849,0.001071001317
1.76,0.2679157833,0.1950146558,0.001025638097
1.78,0.2679592251,0.1951543604,0.0009821962771
1.8,0.2680008269,0.1952851284,0.0009405944744
1.82,0.2680406666,0.1954074623,0.0009007547533
1.84,0.2680788189,0.1955218384,0.0008626024793
1.86,0.2681153552,0.1956287083,0.0008260661789
1.88,0.268150344,0.1957284998,0.0007910774063
1.9,0.2681838508,0.1958216185,0.0007575706145
1.92,0.2682159383,0.1959084485,0.0007254830329
1.94,0.2682466668,0.1959893535,0.0006947545495
1.96,0.2682760938,0.1960646781,0.0006653275985
1.98,0.2683042743,0.1961347483,0.0006371470524
2,0.2683312613,0.1961998728,0.0006101601186
2.02,0.2683571051,0.1962603439,0.0005843162405
2.04,0.2683818544,0.1963164378,0.0005595670029
2.06,0.2684055553,0.1963684161,0.0005358660415
2.08,0.2684282524,0.1964165259,0.0005131689556
2.1,0.2684499881,0.1964610011,0.000491433225
2.12,0.2684708032,0.1965020627,0.0004706181308
2.14,0.2684907367,0.1965399197,0.0004506846785
2.16,0.2685098258,0.1965747693,0.0004315955255
2.18,0.2685281065,0.196606798,0.0004133149106
2.2,0.2685456128,0.196636182,0.0003958085875
2.22,0.2685623776,0.1966630876,0.0003790437604
2.24,0.2685784323,0.1966876718,0.0003629890225
2.26,0.2685938071,0.1967100827,0.0003476142975
2.28,0.2686085306,0.1967304602,0.0003328907827
2.3,0.2686226305,0.1967489362,0.0003187908956
2.32,0.2686361331,0.1967656351,0.0003052882218
2.34,0.2686490639,0.1967806742,0.0002923574658
2.36,0.268661447,0.196794164,0.0002799744036
2.38,0.2686733055,0.1968062087,0.0002681158371
2.4,0.2686846618,0.1968169065,0.0002567595507
2.42,0.2686955371,0.1968263499,0.0002458842701
2.44,0.2687059517,0.1968346258,0.0002354696217
2.46,0.2687159253,0.1968418162,0.000225496095
2.48,0.2687254764,0.1968479982,0.000215945006
2.5,0.2687346229,0.1968532443,0.000206798462
2.52,0.268743382,0.1968576226,0.000198039328
2.54,0.2687517702,0.1968611973,0.0001896511949
2.56,0.268759803,0.1968640286,0.0001816183488
2.58,0.2687674956,0.196866173,0.000173925741
2.6,0.2687748624,0.1968676837,0.0001665589605
2.62,0.2687819172,0.1968686104,0.0001595042066
2.64,0.2687886731,0.196869,0.0001527482631
2.66,0.2687951429,0.1968688963,0.0001462784737
2.68,0.2688013387,0.1968683404,0.000140082718
2.7,0.268807272,0.1968673707,0.000134149389
2.72,0.268812954,0.1968660234,0.0001284673716
2.74,0.2688183953,0.1968643322,0.000123026021
2.76,0.2688236062,0.1968623286,0.0001178151438
2.78,0.2688285964,0.1968600421,0.0001128249779
2.8,0.2688333752,0.1968575004,0.0001080461749
2.82,0.2688379516,0.196854729,0.0001034697824
2.84,0.2688423341,0.1968517522,9.908722716e-05
2.86,0.2688465311,0.1968485922,9.489029894e-05
2.88,0.2688505502,0.1968452699,9.087113537e-05
2.9,0.2688543992,0.1968418047,8.702220707e-05
2.92,0.2688580851,0.1968382147,8.333630358e-05
2.94,0.2688616149,0.1968345168,7.980651983e-05
2.96,0.2688649951,0.1968307264,7.642624323e-05
2.98,0.2688682322,0.1968268581,7.318914127e-05
3,0.2688713322,0.1968229253,7.008914967e-05
3.02,0.2688743009,0.1968189403,6.712046098e-05
3.04,0.2688771439,0.1968149147,6.427751376e-05
3.06,0.2688798664,0.196810859,6.155498212e-05
3.08,0.2688824736,0.1968067831,5.894776574e-05
3.1,0.2688849704,0.1968026959,5.645098035e-05
3.12,0.2688873614,0.1967986057,5.405994853e-05
3.14,0.2688896512,0.1967945201,5.177019101e-05
3.16,0.268891844,0.196790446,4.957741822e-05
3.18,0.2688939438,0.1967863898,4.747752228e-05
3.2,0.2688959548,0.1967823573,4.546656932e-05
3.22,0.2688978806,0.1967783537,4.354079207e-05
3.24,0.2688997248,0.1967743839,4.169658284e-05
3.26,0.2689014909,0.1967704522,3.993048674e-05
3.28,0.2689031822,0.1967665624,3.823919522e-05
3.3,0.2689048018,0.1967627181,3.661953988e-05
3.32,0.2689063529,0.1967589224,3.506848648e-05
3.34,0.2689078382,0.1967551781,3.358312934e-05
3.36,0.2689092607,0.1967514876,3.216068582e-05
3.38,0.2689106229,0.1967478531,3.079849118e-05
3.4,0.2689119274,0.1967442765,2.949399351e-05
3.42,0.2689131766,0.1967407593,2.824474901e-05
3.44,0.268914373,0.1967373031,2.704841738e-05
3.46,0.2689155186,0.1967339088,2.590275745e-05
3.48,0.2689166157,0.1967305776,2.480562296e-05
3.5,0.2689176664,0.19672731,2.375495859e-05
3.52,0.2689186726,0.1967241068,2.274879605e-05
3.54,0.2689196361,0.1967209683,2.178525043e-05
3.56,0.2689205589,0.1967178948,2.086251664e-05
3.58,0.2689214425,0.1967148863,1.997886607e-05
3.6,0.2689222887,0.196711943,1.913264331e-05
3.62,0.2689230991,0.1967090647,1.832226307e-05
3.64,0.2689238752,0.1967062512,1.754620722e-05
3.66,0.2689246183,0.1967035021,1.68030219e-05
3.68,0.2689253301,0.196700817,1.609131487e-05
3.7,0.2689260116,0.1966981955,1.540975282e-05
3.72,0.2689266643,0.1966956369,1.475705894e-05
3.74,0.2689272894,0.1966931407,1.41320105e-05
3.76,0.2689278879,0.1966907061,1.353343654e-05
3.78,0.2689284612,0.1966883325,1.296021572e-05
3.8,0.2689290101,0.1966860189,1.241127418e-05
3.82,0.2689295358,0.1966837647,1.188558355e-05
3.84,0.2689300392,0.1966815688,1.138215902e-05
3.86,0.2689305213,0.1966794305,1.090005748e-05
3.88,0.268930983,0.1966773487,1.043837579e-05
3.9,0.2689314251,0.1966753226,9.996249034e-06
3.92,0.2689318485,0.1966733511,9.572848957e-06
3.94,0.268932254,0.1966714332,9.167382368e-06
3.96,0.2689326423,0.196669568,8.77908968e-06
3.98,0.2689330141,0.1966677544,8.407243477e-06
4,0.2689333702,0.1966659914,8.051147152e-06
4.02,0.2689337112,0.196664278,7.710133606e-06
4.04,0.2689340378,0.1966626131,7.383563995e-06
4.06,0.2689343505,0.1966609956,7.070826531e-06
4.08,0.26893465,0.1966594247,6.771335343e-06
4.1,0.2689349368,0.1966578991,6.484529372e-06
4.12,0.2689352115,0.196656418,6.209871325e-06
4.14,0.2689354745,0.1966549802,5.946846665e-06
4.16,0.2689357264,0.1966535847,5.69496265e-06
4.18,0.2689359676,0.1966522306,5.453747408e-06
4.2,0.2689361986,0.1966509169,5.222749054e-06
4.22,0.2689364198,0.1966496425,5.001534842e-06
4.24,0.2689366317,0.1966484065,4.789690356e-06
4.26,0.2689368346,0.1966472078,4.586818732e-06
4.28,0.2689370288,0.1966460457,4.392539918e-06
4.3,0.2689372149,0.1966449191,4.206489957e-06
4.32,0.268937393,0.1966438271,4.028320309e-06
4.34,0.2689375637,0.1966427687,3.857697196e-06
4.36,0.2689377271,0.1966417432,3.694300977e-06
4.38,0.2689378835,0.1966407496,3.537825552e-06
4.4,0.2689380334,0.196639787,3.387977783e-06
4.42,0.2689381769,0.1966388546,3.244476951e-06
4.44,0.2689383143,0.1966379516,3.107054225e-06
4.46,0.2689384459,0.1966370772,2.975452161e-06
4.48,0.2689385719,0.1966362305,2.849424221e-06
4.5,0.2689386926,0.1966354108,2.728734307e-06
4.52,0.2689388082,0.1966346173,2.613156322e-06
4.54,0.2689389189,0.1966338492,2.502473746e-06
4.56,0.2689390249,0.1966331059,2.39647923e-06
4.58,0.2689391264,0.1966323866,2.294974207e-06
4.6,0.2689392236,0.1966316906,2.19776852e-06
4.62,0.2689393167,0.1966310172,2.104680066e-06
4.64,0.2689394058,0.1966303658,2.015534458e-06
4.66,0.2689394912,0.1966297357,1.930164691e-06
4.68,0.268939573,0.1966291262,1.848410838e-06
4.7,0.2689396513,0.1966285368,1.770119742e-06
4.72,0.2689397262,0.1966279669,1.695144735e-06
4.74,0.268939798,0.1966274158,1.623345362e-06
4.76,0.2689398668,0.1966268829,1.554587116e-06
4.78,0.2689399326,0.1966263678,1.488741187e-06
4.8,0.2689399957,0.1966258699,1.425684221e-06
4.82,0.2689400561,0.1966253886,1.36529809e-06
4.84,0.2689401139,0.1966249235,1.307469667e-06
4.86,0.2689401693,0.1966244739,1.252090618e-06
4.88,0.2689402223,0.1966240395,1.199057199e-06
4.9,0.2689402731,0.1966236198,1.148270058e-06
4.92,0.2689403217,0.1966232142,1.099634052e-06
4.94,0.2689403683,0.1966228224,1.053058067e-06
4.96,0.2689404129,0.1966224439,1.008454849e-06
4.98,0.2689404556,0.1966220783,9.657408414e-07
5,0.2689404965,0.1966217252,9.248360234e-07
5.02,0.2689405357,0.1966213841,8.856637656e-07
5.04,0.2689405732,0.1966210548,8.48150684e-07
5.06,0.2689406091,0.1966207367,8.122265023e-07
5.08,0.2689406435,0.1966204296,7.778239216e-07
5.1,0.2689406765,0.196620133,7.448784929e-07
5.12,0.268940708,0.1966198467,7.133284975e-07
5.14,0.2689407383,0.1966195703,6.831148303e-07
5.16,0.2689407672,0.1966193035,6.5418089e-07
5.18,0.2689407949,0.1966190459,6.264724728e-07
5.2,0.2689408214,0.1966187973,5.999376703e-07
5.22,0.2689408468,0.1966185573,5.745267731e-07
5.24,0.2689408712,0.1966183257,5.501921772e-07
5.26,0.2689408945,0.1966181022,5.268882949e-07
5.28,0.2689409168,0.1966178866,5.045714694e-07
5.3,0.2689409382,0.1966176785,4.83199893e-07
5.32,0.2689409586,0.1966174777,4.627335289e-07
5.34,0.2689409782,0.1966172839,4.43134036e-07
5.36,0.268940997,0.196617097,4.243646971e-07
5.38,0.268941015,0.1966169167,4.063903504e-07
5.4,0.2689410322,0.1966167427,3.891773231e-07
5.42,0.2689410487,0.1966165749,3.726933692e-07
5.44,0.2689410645,0.1966164131,3.569076078e-07
5.46,0.2689410796,0.1966162569,3.417904666e-07
5.48,0.2689410941,0.1966161064,3.273136254e-07
5.5,0.2689411079,0.1966159612,3.134499638e-07
5.52,0.2689411212,0.1966158211,3.001735099e-07
5.54,0.2689411339,0.1966156861,2.874593922e-07
5.56,0.2689411461,0.1966155559,2.752837924e-07
5.58,0.2689411577,0.1966154303,2.636239009e-07
5.6,0.2689411689,0.1966153092,2.524578746e-07
5.62,0.2689411796,0.1966151925,2.417647954e-07
5.64,0.2689411898,0.19661508,2.315246311e-07
5.66,0.2689411997,0.1966149715,2.217181981e-07
5.68,0.268941209,0.1966148669,2.123271254e-07
5.7,0.268941218,0.1966147661,2.033338199e-07
5.72,0.2689412266,0.1966146689,1.947214339e-07
5.74,0.2689412349,0.1966145752,1.864738332e-07
5.76,0.2689412428,0.1966144849,1.785755669e-07
5.78,0.2689412504,0.1966143979,1.710118389e-07
5.8,0.2689412576,0.196614314,1.637684793e-07
5.82,0.2689412645,0.1966142332,1.568319187e-07
5.84,0.2689412712,0.1966141553,1.501891624e-07
5.86,0.2689412775,0.1966140802,1.438277658e-07
5.88,0.2689412836,0.1966140079,1.37735812e-07
5.9,0.2689412895,0.1966139382,1.319018883e-07
5.92,0.2689412951,0.196613871,1.263150657e-07
5.94,0.2689413004,0.1966138063,1.209648781e-07
5.96,0.2689413055,0.196613744,1.158413024e-07
5.98,0.2689413104,0.1966136839,1.109347403e-07
6,0.2689413151,0.1966136261,1.062360001e-07
