,time,th,enta,entaq,P_AQ,EA,EAQ
0,0.0,0.4,0.0,0.61412874,0.22650981081348923,0.0,-0.22650981081348917
1,0.0,0.6,0.0,1.01634592,0.4684147481860452,0.0,-0.46841474818604517
2,0.0,0.8,0.0,1.34577795,0.7268494141697578,0.0,-0.7268494141697577
3,0.0,1.0,0.0,1.57697419,0.939074138783111,0.0,-0.9390741387831109
4,0.0,1.2,0.0,1.71917158,1.0756987699222074,0.0,-1.0756987699222074
5,0.0,1.4,0.0,1.79251303,1.1454502491278162,0.0,-1.145450249127816
6,1.0,0.4,1.6208953496416574,2.005320873773796,0.27072976136134264,-0.8032293773046282,-1.0688078080549288
7,1.0,0.6,1.4700915795593221,2.1496969707909606,0.4859391153883826,-0.7047867505684307,-1.1919764756199092
8,1.0,0.8,1.3457880730872482,2.2621162011744964,0.6586861847325848,-0.6353018833569941,-1.3058760963051095
9,1.0,1.0,1.2892282563731061,2.3525585747632576,0.7717988646763703,-0.6103660794343221,-1.403358235738956
10,1.0,1.2,1.2869540330665163,2.4178519816685458,0.8339023696817425,-0.6139067149850836,-1.4736602173119344
11,1.0,1.4,1.3068725909734513,2.4591025311504424,0.861869304604765,-0.6261736333093771,-1.5163071355203197
12,2.0,0.4,2.2587851923766817,2.4789082913677127,0.20058280539297252,-1.2687856276748404,-1.4705630494962443
13,2.0,0.6,2.183285062881356,2.5631488641016946,0.34680013035270596,-1.203419487641007,-1.5570097099820224
14,2.0,0.8,2.13015092151856,2.626141932485939,0.4526116930361413,-1.1611515835122792,-1.6270881616855808
15,2.0,1.0,2.120104459971591,2.67761518844697,0.5121267798387303,-1.1567009236894168,-1.687301449953285
16,2.0,1.2,2.128160391217587,2.709838014746336,0.5399387900500549,-1.1666004949325746,-1.726515699943815
17,2.0,1.4,2.143342455652655,2.7308696387831857,0.5511486797565834,-1.1807792979983298,-1.7533081686577288
18,3.0,0.4,2.593503060697413,2.7167695765016875,0.13269565673924,-1.5843510767559996,-1.7198175926648367
19,3.0,0.6,2.5588084177062145,2.7666809062598867,0.2245844387977845,-1.547793451853643,-1.7787221904358035
20,3.0,0.8,2.5405825012979686,2.805153877088036,0.2862482908147791,-1.5303891131097342,-1.8260066880967512
21,3.0,1.0,2.540809354223485,2.8325445357954546,0.31822723509896544,-1.5306755720705845,-1.8606905883806497
22,3.0,1.2,2.5497760627282977,2.8501186916121757,0.33022622569385235,-1.5407290338435347,-1.8834940934145792
23,3.0,1.4,2.5582780364894795,2.859092375293466,0.33245876395099133,-1.5502634830365238,-1.8955712269128546
24,4.0,0.4,2.7728753198425196,2.839056188008999,0.0796388408255159,-1.7858399175350177,-1.867376710998059
25,4.0,0.6,2.760494566259887,2.868972372237288,0.1310611287533272,-1.7701376890864184,-1.9047805137257516
26,4.0,0.8,2.755695942613122,2.892186932647059,0.16557609523957423,-1.7644200400241548,-1.9347545235812151
27,4.0,1.0,2.760523550558712,2.9086387894507575,0.18076988053493964,-1.7699455680500578,-1.9562686989824714
28,4.0,1.2,2.7650962434723785,2.918305678162345,0.18828632630439548,-1.7751074247850616,-1.96922042442905
29,4.0,1.4,2.7700064652439025,2.92326651135255,0.1888756916605045,-1.7810306634799964,-1.9758179812477317
30,5.0,0.4,2.8668347958737317,2.903437656335964,0.047017087821547544,-1.9023565819171273,-1.9502439400854508
31,5.0,0.6,2.863835977423729,2.922614549480226,0.07586360183337462,-1.8972338608233605,-1.9746582365895415
32,5.0,0.8,2.8644493519387755,2.9376147184013606,0.0948478701487337,-1.8972398582835621,-1.9942371466696027
33,5.0,1.0,2.8697270149526517,2.9482066773011364,0.10221051417050724,-1.9038762265438227,-2.008398444957867
34,5.0,1.2,2.873080548105975,2.954185339413754,0.10601732574713935,-1.9079971757243295,-2.016476075662445
35,5.0,1.4,2.875846753666667,2.957210848244445,0.1065023352666582,-1.911488349888496,-2.0205723125686346
36,6.0,0.4,2.9204933463318286,2.9397600097629795,0.025566709031709236,-1.972522062830076,-1.9984224086525384
37,6.0,0.6,2.921977920927602,2.9523535294343892,0.04048312099867068,-1.9736639412492516,-2.014713131332543
38,6.0,0.8,2.924588605068337,2.9621732647608203,0.05034053313053903,-1.9764631912854587,-2.0275479008073747
39,6.0,1.0,2.929163257660985,2.9691823908333332,0.05385631568094325,-1.982295791230463,-2.0369487007466525
40,6.0,1.2,2.931187863912063,2.9727894938556934,0.056227211546948,-1.9847760464258433,-2.0418501976351644
41,6.0,1.4,2.9328100021046772,2.9747209989977725,0.0567379003484235,-1.986906332418541,-2.044520121931668
42,7.0,0.4,2.9503301767832957,2.960519565485327,0.01376042577549865,-2.012665749085693,-2.026566587831763
43,7.0,0.6,2.9531974799886878,2.9690381827941175,0.02148231750133962,-2.015842999033205,-2.0375503989529444
44,7.0,0.8,2.956682547814645,2.9759871121510297,0.02631225802204186,-2.020085335495677,-2.046652660704192
45,7.0,1.0,2.9601711451325756,2.9809197501420455,0.028388019937870212,-2.024529825588534,-2.053177329223026
46,7.0,1.2,2.961471299470124,2.983407049334837,0.030108239993029126,-2.026123978360114,-2.0565114060463716
47,7.0,1.4,2.962540976375839,2.9848123661744963,0.03063605937473597,-2.027504916515524,-2.058426299282308
48,8.0,0.4,2.9670912803724607,2.972340239514673,0.007166077357360547,-2.035347060561124,-2.0425678624769614
49,8.0,0.6,2.9707449220588233,2.9788182865497737,0.01106552265480563,-2.039785877447537,-2.050933333028641
50,8.0,0.8,2.9741921338691157,2.984092323834673,0.013638085723138288,-2.0440631589711784,-2.057795535142297
51,8.0,1.0,2.977076733030303,2.987810536486742,0.014838705474448226,-2.0477812433330236,-2.0627121495393586
52,8.0,1.2,2.9779627772604287,2.9896024685343856,0.0161297709179167,-2.0488579322603138,-2.0650895352434295
53,8.0,1.4,2.9784970960089683,2.9904548773318385,0.01657784616958603,-2.0495345287484543,-2.0662171977593777
54,9.0,0.4,2.976871978893905,2.9796461144808126,0.003812883275437251,-2.048615815747744,-2.052445695599242
55,9.0,0.6,2.980512056357466,2.9847168017307695,0.0058011136336873015,-2.0531335072492682,-2.05896024427983
56,9.0,0.8,2.983793410034562,2.9888839465668204,0.007049938825390674,-2.0572891906565696,-2.0643670886997154
57,9.0,1.0,2.98623251875947,2.9918397867045456,0.007783867565344194,-2.0604516845800016,-2.068262843092071
58,9.0,1.2,2.987272596422122,2.993294742968397,0.008370814066904299,-2.061790955358698,-2.070191015787712
59,9.0,1.4,2.987720896573034,2.9939544398314606,0.008660516942584387,-2.0623783970278855,-2.071069045631069
60,10.0,0.4,2.9826699036764706,2.9841724093552036,0.002068460496113894,-2.05642461298342,-2.0584991540783077
61,10.0,0.6,2.9860323564705884,2.9882744816968327,0.0030941910265961637,-2.0606733612258625,-2.063776027209784
62,10.0,0.8,2.988985353133641,2.9917269990437787,0.0037956059096193777,-2.064455064505511,-2.0682595891488367
63,10.0,1.0,2.9910874339336493,2.994134889308057,0.004228176451541627,-2.067187614985421,-2.0714240237410464
64,10.0,1.2,2.991986130892655,2.9952990268361583,0.004609058020274413,-2.0683437580191697,-2.072961630404199
65,10.0,1.4,2.9923359445505615,2.9958063529101127,0.004831866883370761,-2.068795515444186,-2.0736368198355537
66,11.0,0.4,2.98632421010181,2.9871144082239818,0.0010863350685108837,-2.0613217315316588,-2.0624100867097988
67,11.0,0.6,2.98936923804077,2.990533106330691,0.0016041703212806445,-2.0651937842228683,-2.066800848639774
68,11.0,0.8,2.9920496235995366,2.9934887904050926,0.001990996127880881,-2.068655257252932,-2.0706494249354512
69,11.0,1.0,2.9939786471658767,2.9955918898009477,0.0022375204107152485,-2.071181756839916,-2.073422436928493
70,11.0,1.2,2.9948447669152545,2.996618796372881,0.0024665407567096486,-2.072313217831742,-2.0747830113548105
71,11.0,1.4,2.9951891904949384,2.997068452362205,0.002615086174397064,-2.072765679462653,-2.0753841130961033
72,12.0,0.4,2.9885767701925254,2.989020594280861,0.0006103020229951109,-2.064332641014417,-2.0649439796222495
73,12.0,0.6,2.9913805602718004,2.992026749592299,0.0008908594511227103,-2.067914903780462,-2.0688072256977845
74,12.0,0.8,2.993874379965278,2.9946712135185183,0.001101794287902235,-2.0711499870089476,-2.0722531500930548
75,12.0,1.0,2.995633778406072,2.9965410540702084,0.0012582504188357916,-2.0734623031780495,-2.074721853157543
76,12.0,1.2,2.996438915378531,2.997442113435028,0.0013938375107789551,-2.0745235133810853,-2.0759185402800586
77,12.0,1.4,2.996735808987627,2.997810399628796,0.0014941432178401494,-2.0749148289527,-2.0764101465835356
78,13.0,0.4,2.990267551166478,2.9905215577349944,0.0003500350842329305,-2.0665750086971335,-2.066925519549936
79,13.0,0.6,2.992848930328426,2.9932069349150625,0.0004942360419878229,-2.069889140881196,-2.070384003717461
80,13.0,0.8,2.9951357278587967,2.9955690737384257,0.0005997002194098224,-2.072868495630312,-2.0734687077667737
81,13.0,1.0,2.996722873206831,2.997223371005693,0.0006944470750392058,-2.0749616072994757,-2.0756565475920254
82,13.0,1.2,2.997480664892412,2.9980359053680634,0.0007716121995898214,-2.0759659450810726,-2.0767379891546316
83,13.0,1.4,2.997753004256757,2.9983490674662163,0.0008290767124803269,-2.0763262584966626,-2.07715571176634
84,14.0,0.4,2.991388707139614,2.991538226572077,0.00020574394129578075,-2.068043497937788,-2.0682494304194345
85,14.0,0.6,2.9938132422083803,2.9940176885617213,0.00028177944335133987,-2.0711747328477363,-2.071456736691129
86,14.0,0.8,2.995936742723059,2.9961842588991887,0.00034217597731806524,-2.073954804287171,-2.074297188519222
87,14.0,1.0,2.997429800703422,2.997715635285171,0.00039617430620466097,-2.075932876115336,-2.0763292326795937
88,14.0,1.2,2.9981325956122444,2.9984520686734695,0.0004435815726773387,-2.076868686602076,-2.077312419484475
89,14.0,1.4,2.9983776378603606,2.998722978738739,0.00048007199503126224,-2.0771937877005615,-2.077673997769407
90,15.0,0.4,2.9922565293643584,2.9923534122814983,0.0001331884645057048,-2.069180638320043,-2.0693139184893545
91,15.0,0.6,2.9945168729784823,2.994642619116648,0.00017301627874761856,-2.0721101737319705,-2.0722832956447244
92,15.0,0.8,2.996519215807201,2.9966667738908246,0.00020366404914317954,-2.074740177077122,-2.074943944684756
93,15.0,1.0,2.9979164317221696,2.9980860054234064,0.00023481961080553965,-2.0765980283365906,-2.076832932978146
94,15.0,1.2,2.998554584920635,2.9987470901700677,0.00026714695896792054,-2.0774509667290624,-2.07771819339359
95,15.0,1.4,2.998766366839729,2.998976426455982,0.00029193119196017296,-2.0777328150261716,-2.078024824614017
96,16.0,0.4,2.992907511056818,2.992976365181818,9.465996020693895e-05,-2.070034497534084,-2.0701292060214995
97,16.0,0.6,2.9950634865911665,2.9951491012231033,0.0001177111391040851,-2.072836777541769,-2.072954543024411
98,16.0,0.8,2.9969482877209304,2.9970461275697677,0.00013492211544703997,-2.075318042720134,-2.0754530174978547
99,16.0,1.0,2.998248661937023,2.9983591115267174,0.00015281599343947694,-2.0770515365074425,-2.0772043955004653
100,16.0,1.2,2.9988545842386363,2.9989791930454546,0.00017285642879637575,-2.0778643671645933,-2.0780372579660984
101,16.0,1.4,2.9990414939954855,2.9991777994130926,0.00018938148714684925,-2.078114022410945,-2.0783034399471227
102,17.0,0.4,2.9934258070227275,2.9934787946931816,7.283220914843996e-05,-2.07070983540631,-2.070782689070262
103,17.0,0.6,2.9954700303397512,2.9955314350169875,8.435101444649557e-05,-2.0733744184688616,-2.073458792121897
104,17.0,0.8,2.9972704013720928,2.9973374725581396,9.240416033162817e-05,-2.07575099279192,-2.0758434176755935
105,17.0,1.0,2.99849916454023,2.9985736412164754,0.00010296100290868822,-2.0773933126877306,-2.077496290693379
106,17.0,1.2,2.999075413876853,2.999159077491448,0.00011597905997994013,-2.078168961468562,-2.0782849565975745
107,17.0,1.4,2.9992460236343117,2.999337899559819,0.00012755592333842043,-2.0783975391201177,-2.078525114413838
108,18.0,0.4,2.993794136284091,2.993838218409091,6.060885739084551e-05,-2.0711895042260915,-2.071250121249506
109,18.0,0.6,2.9957608525707813,2.9958096240656853,6.696620422420463e-05,-2.073758856070926,-2.0738258315687377
110,18.0,0.8,2.9974930667674418,2.9975443476627905,7.057528136028359e-05,-2.0760502248404444,-2.0761208105319553
111,18.0,1.0,2.998676098754789,2.9987312076532566,7.611584415643628e-05,-2.0776343053707613,-2.07771042950189
112,18.0,1.2,2.999217833614595,2.9992788068757124,8.44510490001255e-05,-2.078364964452989,-2.0784494243672964
113,18.0,1.4,2.99938081027088,2.9994471922799097,9.209864324177641e-05,-2.078584319042156,-2.0786764284942247
114,19.0,0.4,2.9941353724401365,2.9941756931470924,5.546169184171968e-05,-2.071632294632667,-2.071687760632595
115,19.0,0.6,2.9960306413945577,2.9960735136621315,5.887656959506316e-05,-2.074113492766315,-2.0741723743244016
116,19.0,0.8,2.9976987091744185,2.9977418914651164,5.9414256829718426e-05,-2.076325128418446,-2.0763845484440204
117,19.0,1.0,2.9988302900767017,2.9988752614285716,6.206504889629615e-05,-2.0778436893383536,-2.07790575891358
118,19.0,1.2,2.9993471358285713,2.9993954434742855,6.684880884442855e-05,-2.0785427486410524,-2.0786096013010775
119,19.0,1.4,2.9994989326410835,2.9995510934085776,7.232914313017125e-05,-2.0787477963722547,-2.078820130551938
120,20.0,0.4,2.994401789714937,2.9944395933523373,5.196135328053373e-05,-2.071979435788995,-2.0720313986873373
121,20.0,0.6,2.9962464903061226,2.9962858708049884,5.405235253433814e-05,-2.074398586444861,-2.0744526407987753
122,20.0,0.8,2.9978686670930235,2.997907210372093,5.3002667837997575e-05,-2.0765530401177235,-2.0766060451303634
123,20.0,1.0,2.9989595105576923,2.998998419442308,5.369324375582572e-05,-2.0780196018079864,-2.078073297383891
124,20.0,1.2,2.9994506529176204,2.9994916582837527,5.674584416033817e-05,-2.0786852772393414,-2.0787420252086095
125,20.0,1.4,2.999588025970654,2.9996315361399546,6.032409230161057e-05,-2.0788711895082894,-2.078931516099083
126,21.0,0.4,2.994615038604119,2.994651738832952,5.046524904733913e-05,-2.0722585541657517,-2.0723090207500126
127,21.0,0.6,2.9964124392281497,2.9964502157775255,5.184068293725082e-05,-2.0746185469533733,-2.0746703885645923
128,21.0,0.8,2.9979947975320136,2.9980308778928983,4.96019977476921e-05,-2.0767223776985753,-2.0767719808659573
129,21.0,1.0,2.9990537040057914,2.9990895833590736,4.949267450965761e-05,-2.0781477491834615,-2.0781972427818234
130,21.0,1.2,2.9995281216723937,2.9995652391065293,5.1353645770710514e-05,-2.078791820606434,-2.078843175307153
131,21.0,1.4,2.999658277016949,2.9996966378644068,5.3184610704750074e-05,-2.0789684394182713,-2.079021625427629
132,22.0,0.4,2.9947749863260618,2.9948106440068885,4.90195658469969e-05,-2.072467994398857,-2.0725170153197863
133,22.0,0.6,2.9965420812045456,2.996578408409091,4.983900605056608e-05,-2.0747905630864905,-2.074840402899556
134,22.0,0.8,2.998092379080326,2.9981272825844005,4.799026719509463e-05,-2.0768538489212807,-2.0769018396296604
135,22.0,1.0,2.9991209542054267,2.9991550006686043,4.6966342957251984e-05,-2.078239603134663,-2.0782865695371715
136,22.0,1.2,2.999586278296893,2.999621112635213,4.81864373013788e-05,-2.0788719358347856,-2.078920122475601
137,22.0,1.4,2.9997107671687426,2.9997464793997737,4.94960440044793e-05,-2.079041147556077,-2.0790906442481436
138,23.0,0.4,2.99489997045977,2.994935267195402,4.85247778561935e-05,-2.072630995110973,-2.0726795203174087
139,23.0,0.6,2.9966376808200454,2.9966732804100227,4.884748227525953e-05,-2.074916987009719,-2.07496583466618
140,23.0,0.8,2.998168180873108,2.9982021926193245,4.676272821559384e-05,-2.076955592722935,-2.077002355468839
141,23.0,1.0,2.999177073747573,2.9992101269417475,4.5590506404299905e-05,-2.0783158873887433,-2.078361478013013
142,23.0,1.2,2.9996352597109825,2.9996682223468207,4.559335459921911e-05,-2.0789393062026926,-2.0789848996907647
143,23.0,1.4,2.9997549932993195,2.9997884465192746,4.635538237852704e-05,-2.0791024000112,-2.07914875561162
144,24.0,0.4,2.9950123336520735,2.995047116831797,4.784615130361689e-05,-2.0727775634067607,-2.0728254095335115
145,24.0,0.6,2.9967212324515393,2.9967561449372866,4.789561046059519e-05,-2.0750271069023913,-2.0750750026084313
146,24.0,0.8,2.9982298826193245,2.998262814959255,4.527841320443603e-05,-2.077038112138766,-2.077083390475207
147,24.0,1.0,2.9992263718031187,2.99925840211501,4.418435229598003e-05,-2.0783828032379135,-2.0784269875860595
148,24.0,1.2,2.9996770646064816,2.9997089775462964,4.4138613589200414e-05,-2.078996730622944,-2.079040869182005
149,24.0,1.4,2.9997940213053345,2.9998263543927353,4.479917510863326e-05,-2.0791563943245865,-2.0792011935396575
150,25.0,0.4,2.9951014400000004,2.9951360106113034,4.75727794401135e-05,-2.072892757527403,-2.07294033048198
151,25.0,0.6,2.9967884402514287,2.9968233104342854,4.7867866153014696e-05,-2.0751150373918374,-2.0751629055064873
152,25.0,0.8,2.998284049394645,2.9983170780908033,4.541304147955898e-05,-2.077110203062451,-2.077155616050556
153,25.0,1.0,2.9992680400491643,2.999299734414946,4.372885665012655e-05,-2.0784391606917376,-2.0784828895932055
154,25.0,1.2,2.999711199116279,2.9997424120581395,4.317882872968608e-05,-2.079043567579709,-2.0790867463945695
155,25.0,1.4,2.999822613795455,2.9998539780568185,4.345556367020319e-05,-2.079195968562655,-2.0792394241978593
156,26.0,0.4,2.9951655644226327,2.9952004991224017,4.805993201209523e-05,-2.072975667109248,-2.073023727688964
157,26.0,0.6,2.9968462851898736,2.9968812990448788,4.8051259818543644e-05,-2.0751911085491574,-2.0752391599482913
158,26.0,0.8,2.998328872296037,2.9983617303263403,4.517651452031408e-05,-2.0771701255375183,-2.0772153019643826
159,26.0,1.0,2.9993012759467454,2.9993324538658777,4.301070457116848e-05,-2.078484285833708,-2.0785272966128767
160,26.0,1.2,2.9997385978179696,2.9997691917969664,4.23216609755953e-05,-2.0790812039021738,-2.0791235256945204
161,26.0,1.4,2.99984775004561,2.99987867972634,4.2859956684727644e-05,-2.0792307393620075,-2.0792735994773297
162,27.0,0.4,2.995234405659722,2.9952686267129627,4.710327749481236e-05,-2.0730652902828703,-2.073112394075612
163,27.0,0.6,2.9968970653294797,2.9969314918728323,4.726533823098926e-05,-2.075258155353498,-2.075305421081662
164,27.0,0.8,2.9983649001631703,2.998397578076923,4.494467934779314e-05,-2.0772183683285017,-2.077263313225391
165,27.0,1.0,2.9993270125841582,2.999358364950495,4.325666797532298e-05,-2.0785192879578545,-2.0785625447445213
166,27.0,1.2,2.999760950786385,2.999791897382629,4.281180132583275e-05,-2.079111911976118,-2.0791547238488666
167,27.0,1.4,2.9998671346750285,2.9998981080501714,4.292120038785851e-05,-2.079257555504848,-2.07930047678389
168,28.0,0.4,2.995267911412037,2.995302419351852,4.749709137289643e-05,-2.073109341517218,-2.0731568385300974
169,28.0,0.6,2.9969247271925754,2.9969593598955915,4.755781204124021e-05,-2.075294819996847,-2.075342377852507
170,28.0,0.8,2.9983882963986015,2.998421106853147,4.5133651133585956e-05,-2.077249771005993,-2.0772949047902216
171,28.0,1.0,2.9993447674727456,2.9993761512289394,4.3299292056973874e-05,-2.0785434306127506,-2.0785867299699796
172,28.0,1.2,2.9997749807900944,2.9998056616863207,4.2443921705924644e-05,-2.079131201538433,-2.0791736454917524
173,28.0,1.4,2.99988065972634,2.9999115326111743,4.277595035922913e-05,-2.0792762922099945,-2.0793190682678095
174,29.0,0.4,2.9953005219675926,2.9953348525231482,4.723039770714589e-05,-2.073152127593186,-2.073199357950406
175,29.0,0.6,2.9969496330465115,2.996984366488372,4.767147255599363e-05,-2.0753279957832262,-2.075375667397668
176,29.0,0.8,2.9984074243939394,2.998440284125874,4.5198055038460256e-05,-2.0772755609055893,-2.0773207590297513
177,29.0,1.0,2.9993614774007935,2.999392733313492,4.313055976117516e-05,-2.078566184282017,-2.0786093149020246
178,29.0,1.2,2.9997882005680476,2.999818937325444,4.2519691178283347e-05,-2.0791493812859176,-2.079191900984679
179,29.0,1.4,2.99989337506865,2.999924108592677,4.257961449326326e-05,-2.0792939001308732,-2.0793364797390805
180,30.0,0.4,2.9953406234646582,2.9953753864194668,4.783255151038024e-05,-2.0732044092226967,-2.0732522416258865
181,30.0,0.6,2.9969806787164526,2.9970158492298715,4.8279917308518895e-05,-2.0753689058276854,-2.0754171857696386
182,30.0,0.8,2.998430220862471,2.998463098076923,4.522935290098649e-05,-2.0773060902332876,-2.07735131969799
183,30.0,1.0,2.9993777276190476,2.9994086985615076,4.2730508211388384e-05,-2.0785883143532464,-2.0786310449036423
184,30.0,1.2,2.999801056441281,2.999831217461447,4.172431572382231e-05,-2.0791670520008894,-2.0792087763637177
185,30.0,1.4,2.999903632183908,2.999934088781609,4.2198615396101684e-05,-2.079308085574004,-2.0793502842347276
186,31.0,0.4,2.9953674295359627,2.995401734825986,4.7231412461690076e-05,-2.073239634209369,-2.0732868657648753
187,31.0,0.6,2.997001290210773,2.997035841955504,4.7432726732441345e-05,-2.0753964178893813,-2.075443850739778
188,31.0,0.8,2.9984462994755248,2.9984784444522146,4.421179981508835e-05,-2.0773278182867987,-2.077372030237675
189,31.0,1.0,2.9993886242460315,2.9994193502380955,4.239999080159136e-05,-2.0786031579835873,-2.07864555808266
190,31.0,1.2,2.999809682577197,2.9998400834916863,4.20589359965959e-05,-2.0791789159314673,-2.0792209749375847
191,31.0,1.4,2.999911987327189,2.9999423528341014,4.207222582305806e-05,-2.0793196501227387,-2.079361722377002
192,32.0,0.4,2.9953841112543556,2.995418784285714,4.77243375909656e-05,-2.073261111906014,-2.073308836413985
193,32.0,0.6,2.997015906678404,2.9970503912676056,4.734071290272938e-05,-2.075415553009343,-2.0754628938607387
194,32.0,0.8,2.998456575034965,2.998488953846154,4.4522343183378e-05,-2.0773414598181517,-2.0773859822240524
195,32.0,1.0,2.9993957942261904,2.999427036121032,4.3090652254970225e-05,-2.078612853232212,-2.078655943914012
196,32.0,1.2,2.9998164234244946,2.999847040499405,4.2350074797429514e-05,-2.079188164983374,-2.0792305151008996
197,32.0,1.4,2.9999187032603687,2.9999493476612904,4.2455604109190236e-05,-2.0793289396325876,-2.0793713952922253
198,33.0,0.4,2.9954005868837212,2.9954351878604655,4.757634869111326e-05,-2.073282875119408,-2.0733304515559112
199,33.0,0.6,2.9970297479577463,2.9970645673591547,4.777694178308767e-05,-2.0754340073719932,-2.075481784365299
200,33.0,0.8,2.9984695122637106,2.998501981318553,4.464227268169502e-05,-2.077358886428391,-2.0774035287312396
201,33.0,1.0,2.9994056615476192,2.999436743710317,4.2875422994714625e-05,-2.0786262986046045,-2.078669174080117
202,33.0,1.2,2.999823980560191,2.999854785625745,4.261313556960316e-05,-2.07919855523204,-2.0792411684305088
203,33.0,1.4,2.999925720921659,2.999956470576037,4.2606699316501745e-05,-2.07933864973837,-2.079381256492416
204,34.0,0.4,2.9954167779743885,2.995451377031432,4.757388703187799e-05,-2.0733037182290324,-2.073351292173497
205,34.0,0.6,2.997043165316901,2.997077863661972,4.7610864160157644e-05,-2.075451521983482,-2.075499132867432
206,34.0,0.8,2.998478733936916,2.998511143983645,4.456694300713489e-05,-2.0773711748737074,-2.077415741821103
207,34.0,1.0,2.9994115660813496,2.999442792440476,4.308783891532319e-05,-2.0786342850594735,-2.078677372937506
208,34.0,1.2,2.9998284057091777,2.9998592456972584,4.266544604311151e-05,-2.079204626051685,-2.0792472915607227
209,34.0,1.4,2.999930638057804,2.9999612325086704,4.239196075678914e-05,-2.079345450574191,-2.079387842589866
210,35.0,0.4,2.9954185253613055,2.9954530227622382,4.74783177187793e-05,-2.073305852343406,-2.073353330686774
211,35.0,0.6,2.997047878645465,2.9970826052061246,4.769252749969399e-05,-2.0754576247514644,-2.075505317348408
212,35.0,0.8,2.9984846624065424,2.998516841728972,4.4257343806491746e-05,-2.0773790752603096,-2.07742333262516
213,35.0,1.0,2.999417745793651,2.9994484657539684,4.2377562479885075e-05,-2.078642700520954,-2.0786850781086583
214,35.0,1.2,2.999833624290823,2.9998639282121573,4.192123646943677e-05,-2.0792118111211733,-2.079253732380277
215,35.0,1.4,2.999934440266204,2.9999646317129627,4.1834810299229495e-05,-2.0793507121938473,-2.0793925470467594
216,36.0,0.4,2.995434745915986,2.9954696384014,4.802795335400865e-05,-2.0733269992549905,-2.073375027339555
217,36.0,0.6,2.997058258866588,2.9970932171664697,4.8014696975683925e-05,-2.075471298659362,-2.0755193133884418
218,36.0,0.8,2.9984891683294395,2.998521803866822,4.489335411748968e-05,-2.0773850444495325,-2.077429937807591
219,36.0,1.0,2.999420558829365,2.999451453105159,4.262203444580552e-05,-2.0786464943216982,-2.078689116410041
220,36.0,1.2,2.99983666874851,2.9998670747914185,4.2064671174210335e-05,-2.079215994388099,-2.07925805910974
221,36.0,1.4,2.9999372146064816,2.9999677202777777,4.22693831202509e-05,-2.079354550741435,-2.079396820179857
222,37.0,0.4,2.995447401834112,2.995482257406542,4.797252299299622e-05,-2.0733436239786354,-2.0733915965695053
223,37.0,0.6,2.997062161973995,2.9970967876713948,4.754320262455896e-05,-2.0754765564628084,-2.0755240997785385
224,37.0,0.8,2.998491259040936,2.998523438912281,4.424636603938542e-05,-2.0773879156736,-2.077432162069823
225,37.0,1.0,2.9994223415079366,2.9994534894246034,4.296351685990955e-05,-2.0786489307994818,-2.0786918943229438
226,37.0,1.2,2.9998394949702027,2.999870416543504,4.2774996323978676e-05,-2.0792198806227185,-2.079262655654673
227,37.0,1.4,2.9999398345876886,2.9999705821835074,4.2606637006349685e-05,-2.079358174005191,-2.0794007806987294
228,38.0,0.4,2.995446613739742,2.9954811071277843,4.7472525547118555e-05,-2.0733426939075765,-2.0733901665041765
229,38.0,0.6,2.997066435118765,2.997101042434679,4.750321590372876e-05,-2.075482284713828,-2.075529787942578
230,38.0,0.8,2.9984944485932004,2.998526640996483,4.428393079844992e-05,-2.077392173059247,-2.077436457028074
231,38.0,1.0,2.9994247266170637,2.9994554700198415,4.2416582940372516e-05,-2.0786521577697563,-2.078694574380179
232,38.0,1.2,2.99984123147795,2.99987155102503,4.194348488802044e-05,-2.079222261313521,-2.0792642048423677
233,38.0,1.4,2.999941763151163,2.999972212395349,4.2194643339721424e-05,-2.0793608405641657,-2.079403035258427
234,39.0,0.4,2.9954578854599054,2.9954926050353774,4.775412759601859e-05,-2.0733574698779464,-2.0734052241275105
235,39.0,0.6,2.9970742145768776,2.997109327103695,4.8186817997313306e-05,-2.075492557487366,-2.075540744340388
236,39.0,0.8,2.998501503388235,2.9985337963764707,4.4408432850640224e-05,-2.077401692387755,-2.077446100861468
237,39.0,1.0,2.999429945287698,2.999460447251984,4.2086096744749964e-05,-2.0786592835171995,-2.078701369643009
238,39.0,1.2,2.999844798462455,2.999874699725864,4.1368253267878926e-05,-2.0792271733353678,-2.0792685416273295
239,39.0,1.4,2.9999440391976746,2.9999741340813952,4.170317475700337e-05,-2.0793639922217566,-2.079405695438599
240,40.0,0.4,2.99546379355792,2.9954985342671394,4.7774805675542286e-05,-2.0733651233023,-2.073412898230762
241,40.0,0.6,2.9970771085441528,2.997112223890215,4.816303065081366e-05,-2.0754964063329004,-2.075544569474665
242,40.0,0.8,2.998502575759717,2.9985351182921085,4.473708159865836e-05,-2.077403110633909,-2.077447847770559
243,40.0,1.0,2.999431164563492,2.9994620293650796,4.25847659722136e-05,-2.0786609280252706,-2.078703512820305
244,40.0,1.2,2.9998459595709175,2.9998763923599525,4.210593763146625e-05,-2.079228759742641,-2.0792708657094554
245,40.0,1.4,2.999945248044238,2.999975604458673,4.206191040974841e-05,-2.0793656657226336,-2.0794077276764487
