,time,EV,chi,th
0,1.0,0.00031224,1.0,0.05
1,2.0,6.22629e-05,16.0,0.05
2,3.0,1.41089e-05,41.0,0.05
3,4.0,3.86735e-06,51.0,0.05
4,5.0,1.16322e-06,53.0,0.05
5,6.0,3.70154e-07,52.0,0.05
6,7.0,1.22381e-07,49.0,0.05
7,8.0,4.16033e-08,43.0,0.05
8,9.0,1.44464e-08,40.0,0.05
9,10.0,5.1012e-09,36.0,0.05
10,11.0,1.82572e-09,34.0,0.05
11,12.0,6.60795e-10,30.0,0.05
12,13.0,2.40744e-10,27.0,0.05
13,14.0,8.84759e-11,26.0,0.05
14,15.0,3.27836e-11,24.0,0.05
15,16.0,1.22586e-11,24.0,0.05
16,17.0,4.58145e-12,22.0,0.05
17,18.0,1.72501e-12,22.0,0.05
18,19.0,6.52256e-13,22.0,0.05
19,20.0,2.44034e-13,22.0,0.05
20,21.0,7.41307e-14,20.0,0.05
21,22.0,3.57573e-14,18.0,0.05
22,23.0,1.3729e-14,17.0,0.05
23,24.0,5.24764e-15,16.0,0.05
24,25.0,2.00778e-15,16.0,0.05
25,26.0,3.46942e-15,15.0,0.05
26,27.0,6.77442e-16,13.0,0.05
27,28.0,2.57869e-16,12.0,0.05
28,29.0,1.2352e-16,12.0,0.05
29,30.0,5.86993e-17,12.0,0.05
30,31.0,-1.09636e-15,12.0,0.05
31,32.0,-3.3018e-16,10.0,0.05
32,33.0,5.55478e-17,10.0,0.05
33,34.0,-2.92917e-17,9.0,0.05
34,35.0,-1.59149e-16,8.0,0.05
35,36.0,-6.53812e-17,8.0,0.05
36,37.0,2.72112e-16,8.0,0.05
37,38.0,5.56855e-16,8.0,0.05
38,39.0,-1.19487e-15,7.0,0.05
39,40.0,-1.03124e-16,5.0,0.05
40,41.0,3.43455e-17,4.0,0.05
41,42.0,5.47997e-18,4.0,0.05
42,43.0,8.91564e-19,4.0,0.05
43,44.0,1.36381e-19,4.0,0.05
44,45.0,-1.06163e-20,4.0,0.05
45,46.0,1.4236e-20,4.0,0.05
46,47.0,-1.9574e-21,3.0,0.05
47,48.0,3.03558e-20,2.0,0.05
48,49.0,3.80221e-20,2.0,0.05
49,50.0,2.34751e-21,2.0,0.05
50,51.0,2.00332e-21,2.0,0.05
51,52.0,-4.02315e-20,2.0,0.05
52,53.0,2.90943e-21,2.0,0.05
53,54.0,-1.7539e-20,2.0,0.05
54,55.0,-2.51172e-20,2.0,0.05
55,56.0,-3.55796e-20,2.0,0.05
56,57.0,1.84037e-20,2.0,0.05
57,58.0,4.49919e-21,2.0,0.05
58,59.0,1.14096e-20,2.0,0.05
59,60.0,-2.12449e-20,2.0,0.05
60,61.0,-1.83609e-20,2.0,0.05
61,62.0,-4.29881e-21,2.0,0.05
62,63.0,-3.17444e-21,2.0,0.05
63,64.0,4.70072e-20,2.0,0.05
64,65.0,2.27223e-20,2.0,0.05
65,66.0,4.77475e-20,2.0,0.05
66,67.0,2.32098e-20,2.0,0.05
67,68.0,-3.84405e-20,2.0,0.05
68,69.0,1.10616e-20,2.0,0.05
69,70.0,-3.83075e-20,2.0,0.05
70,71.0,-6.29453e-20,2.0,0.05
71,72.0,3.59555e-20,2.0,0.05
72,73.0,-1.34908e-20,2.0,0.05
73,74.0,-1.35105e-20,2.0,0.05
74,75.0,-3.82336e-20,2.0,0.05
75,76.0,4.82596e-20,2.0,0.05
76,77.0,-1.34809e-20,2.0,0.05
77,78.0,3.59489e-20,2.0,0.05
78,79.0,4.8322e-20,2.0,0.05
79,80.0,4.8345e-20,2.0,0.05
80,81.0,-3.82074e-20,2.0,0.05
81,82.0,-5.05575e-20,2.0,0.05
82,83.0,-1.1637e-21,2.0,0.05
83,84.0,-1.21458e-21,2.0,0.05
84,85.0,1.09999e-19,2.0,0.05
85,86.0,-6.28993e-20,2.0,0.05
86,87.0,-1.1046e-21,2.0,0.05
87,88.0,-3.81942e-20,2.0,0.05
88,89.0,-7.52543e-20,2.0,0.05
89,90.0,-2.58294e-20,2.0,0.05
90,91.0,-2.58031e-20,2.0,0.05
91,92.0,3.59949e-20,2.0,0.05
92,93.0,4.83433e-20,2.0,0.05
93,94.0,-6.28698e-20,2.0,0.05
94,95.0,-1.10296e-21,2.0,0.05
95,96.0,-1.3476e-20,2.0,0.05
96,97.0,2.35447e-20,2.0,0.05
97,98.0,-2.58228e-20,2.0,0.05
98,99.0,-7.52543e-20,2.0,0.05
99,100.0,3.59128e-20,2.0,0.05
100,101.0,2.35381e-20,2.0,0.05
101,102.0,-5.05886e-20,2.0,0.05
102,103.0,3.59062e-20,2.0,0.05
103,104.0,2.35578e-20,2.0,0.05
104,105.0,2.35923e-20,2.0,0.05
105,106.0,-3.81236e-20,2.0,0.05
106,107.0,3.59867e-20,2.0,0.05
107,108.0,-5.05197e-20,2.0,0.05
108,109.0,-1.12922e-21,2.0,0.05
109,110.0,-1.35384e-20,2.0,0.05
110,111.0,2.34856e-20,2.0,0.05
111,112.0,-2.59049e-20,2.0,0.05
112,113.0,4.82629e-20,2.0,0.05
113,114.0,-2.5831e-20,2.0,0.05
114,115.0,-1.121e-21,2.0,0.05
115,116.0,1.12488e-20,2.0,0.05
116,117.0,2.35989e-20,2.0,0.05
117,118.0,1.12438e-20,2.0,0.05
118,119.0,2.36169e-20,2.0,0.05
0,1.0,0.00124584,1.0,0.1
1,2.0,0.00024623,17.0,0.1
2,3.0,5.53568e-05,54.0,0.1
3,4.0,1.50771e-05,67.0,0.1
4,5.0,4.50983e-06,71.0,0.1
5,6.0,1.42797e-06,70.0,0.1
6,7.0,4.69965e-07,68.0,0.1
7,8.0,1.59087e-07,65.0,0.1
8,9.0,5.50184e-08,60.0,0.1
9,10.0,1.93553e-08,54.0,0.1
10,11.0,6.9054e-09,49.0,0.1
11,12.0,2.49537e-09,46.0,0.1
12,13.0,9.0797e-10,42.0,0.1
13,14.0,3.32406e-10,37.0,0.1
14,15.0,1.20662e-10,33.0,0.1
15,16.0,4.41801e-11,30.0,0.1
16,17.0,1.6445e-11,30.0,0.1
17,18.0,6.21598e-12,29.0,0.1
18,19.0,2.31814e-12,27.0,0.1
19,20.0,8.69287e-13,26.0,0.1
20,21.0,3.27445e-13,26.0,0.1
21,22.0,1.23664e-13,26.0,0.1
22,23.0,1.26067e-14,26.0,0.1
23,24.0,1.49802e-14,24.0,0.1
24,25.0,9.80699e-15,23.0,0.1
25,26.0,4.08117e-15,22.0,0.1
26,27.0,2.59229e-15,21.0,0.1
27,28.0,4.63446e-15,20.0,0.1
28,29.0,-1.31612e-15,18.0,0.1
29,30.0,3.71615e-16,18.0,0.1
30,31.0,1.21921e-15,18.0,0.1
31,32.0,1.64527e-15,18.0,0.1
32,33.0,-2.03155e-15,18.0,0.1
33,34.0,-2.78035e-15,16.0,0.1
34,35.0,3.37256e-15,16.0,0.1
35,36.0,5.23182e-15,16.0,0.1
36,37.0,-4.70261e-15,15.0,0.1
37,38.0,-6.04351e-15,14.0,0.1
38,39.0,-4.52764e-15,14.0,0.1
39,40.0,-2.5582e-15,14.0,0.1
40,41.0,-1.26272e-15,14.0,0.1
41,42.0,-5.65157e-16,14.0,0.1
42,43.0,-2.43694e-16,14.0,0.1
43,44.0,-9.69721e-17,14.0,0.1
44,45.0,-3.60726e-17,14.0,0.1
45,46.0,-1.37092e-17,14.0,0.1
46,47.0,-5.83049e-18,14.0,0.1
47,48.0,-1.56443e-18,14.0,0.1
48,49.0,-9.32632e-19,14.0,0.1
49,50.0,-9.17327e-20,14.0,0.1
50,51.0,-1.58288e-19,14.0,0.1
51,52.0,-2.47571e-19,14.0,0.1
52,53.0,6.79799e-19,14.0,0.1
53,54.0,-7.40546e-19,14.0,0.1
54,55.0,-1.09882e-18,14.0,0.1
55,56.0,1.16422e-19,14.0,0.1
56,57.0,-7.99706e-20,14.0,0.1
57,58.0,-1.23436e-19,14.0,0.1
58,59.0,-3.73092e-19,14.0,0.1
59,60.0,4.44438e-19,14.0,0.1
60,61.0,-4.93113e-19,14.0,0.1
61,62.0,1.19932e-19,14.0,0.1
62,63.0,-3.22364e-20,14.0,0.1
63,64.0,-2.4857e-19,14.0,0.1
64,65.0,-4.70458e-19,13.0,0.1
65,66.0,1.77108e-19,13.0,0.1
66,67.0,3.00583e-19,12.0,0.1
67,68.0,3.87838e-19,12.0,0.1
68,69.0,-1.41955e-19,12.0,0.1
69,70.0,2.68226e-19,12.0,0.1
70,71.0,-2.47327e-19,12.0,0.1
71,72.0,2.42644e-19,12.0,0.1
72,73.0,-2.14464e-19,12.0,0.1
73,74.0,-4.8327e-19,12.0,0.1
74,75.0,-1.66506e-19,10.0,0.1
75,76.0,-3.41291e-19,10.0,0.1
76,77.0,-4.1511e-20,10.0,0.1
77,78.0,2.26658e-19,10.0,0.1
78,79.0,7.01266e-20,10.0,0.1
79,80.0,-5.58603e-20,10.0,0.1
80,81.0,-1.65084e-19,10.0,0.1
81,82.0,-2.33208e-20,10.0,0.1
82,83.0,-2.99627e-19,10.0,0.1
83,84.0,6.85628e-20,10.0,0.1
84,85.0,-1.2246e-19,10.0,0.1
85,86.0,-3.59177e-19,10.0,0.1
86,87.0,-1.80964e-20,10.0,0.1
87,88.0,-5.47265e-19,10.0,0.1
88,89.0,4.18694e-19,10.0,0.1
89,90.0,-5.39164e-20,10.0,0.1
90,91.0,-5.40902e-19,10.0,0.1
91,92.0,1.92006e-19,10.0,0.1
92,93.0,-1.96831e-19,10.0,0.1
93,94.0,-3.73765e-19,10.0,0.1
94,95.0,-2.96619e-19,10.0,0.1
95,96.0,-2.04047e-19,10.0,0.1
96,97.0,5.608e-20,10.0,0.1
97,98.0,-1.75198e-19,10.0,0.1
98,99.0,-2.38846e-20,10.0,0.1
99,100.0,1.81959e-19,10.0,0.1
100,101.0,-2.53874e-19,10.0,0.1
101,102.0,7.29732e-20,9.0,0.1
102,103.0,3.15917e-19,9.0,0.1
103,104.0,-3.25011e-20,9.0,0.1
104,105.0,-4.8668e-20,8.0,0.1
105,106.0,1.98211e-19,8.0,0.1
106,107.0,-3.36419e-19,8.0,0.1
107,108.0,-2.77638e-19,8.0,0.1
108,109.0,-4.56958e-20,8.0,0.1
109,110.0,4.59753e-20,7.0,0.1
110,111.0,-2.20597e-19,7.0,0.1
111,112.0,-5.7101e-20,7.0,0.1
112,113.0,3.41494e-19,6.0,0.1
113,114.0,-1.38508e-19,6.0,0.1
114,115.0,-9.70319e-20,6.0,0.1
115,116.0,-1.57618e-19,6.0,0.1
116,117.0,4.29084e-20,6.0,0.1
117,118.0,2.37792e-19,6.0,0.1
118,119.0,-3.38317e-19,6.0,0.1
0,1.0,0.00279147,1.0,0.15
1,2.0,0.000543614,21.0,0.15
2,3.0,0.000120619,66.0,0.15
3,4.0,3.25052e-05,84.0,0.15
4,5.0,9.6337e-06,88.0,0.15
5,6.0,3.02522e-06,88.0,0.15
6,7.0,9.88117e-07,87.0,0.15
7,8.0,3.32136e-07,84.0,0.15
8,9.0,1.14116e-07,76.0,0.15
9,10.0,3.98964e-08,70.0,0.15
10,11.0,1.41442e-08,64.0,0.15
11,12.0,5.07486e-09,61.0,0.15
12,13.0,1.83727e-09,56.0,0.15
13,14.0,6.72812e-10,54.0,0.15
14,15.0,2.41736e-10,51.0,0.15
15,16.0,9.37197e-11,45.0,0.15
16,17.0,3.75007e-11,38.0,0.15
17,18.0,1.09586e-11,36.0,0.15
18,19.0,4.09154e-12,34.0,0.15
19,20.0,1.53169e-12,32.0,0.15
20,21.0,6.04707e-13,30.0,0.15
21,22.0,1.1677e-13,29.0,0.15
22,23.0,6.83122e-14,28.0,0.15
23,24.0,2.60335e-14,27.0,0.15
24,25.0,-1.42326e-14,25.0,0.15
25,26.0,3.30737e-15,24.0,0.15
26,27.0,2.61385e-15,24.0,0.15
27,28.0,1.1671e-15,24.0,0.15
28,29.0,1.06316e-15,23.0,0.15
29,30.0,1.39839e-16,22.0,0.15
30,31.0,3.78839e-15,22.0,0.15
31,32.0,7.96823e-15,22.0,0.15
32,33.0,1.44307e-15,21.0,0.15
33,34.0,2.53493e-14,20.0,0.15
34,35.0,3.36219e-14,18.0,0.15
35,36.0,4.8992e-14,18.0,0.15
36,37.0,3.65798e-14,18.0,0.15
37,38.0,2.16354e-14,18.0,0.15
38,39.0,1.08376e-14,18.0,0.15
39,40.0,4.8338e-15,18.0,0.15
40,41.0,2.00741e-15,18.0,0.15
41,42.0,8.05842e-16,18.0,0.15
42,43.0,3.15185e-16,18.0,0.15
43,44.0,1.25345e-16,18.0,0.15
44,45.0,4.78118e-17,18.0,0.15
45,46.0,1.79483e-17,18.0,0.15
46,47.0,8.28551e-18,18.0,0.15
47,48.0,3.25686e-18,18.0,0.15
48,49.0,8.39333e-19,18.0,0.15
49,50.0,1.36174e-18,18.0,0.15
50,51.0,1.80637e-19,18.0,0.15
51,52.0,3.33375e-19,18.0,0.15
52,53.0,7.66377e-21,18.0,0.15
53,54.0,4.497e-19,18.0,0.15
54,55.0,4.80278e-19,18.0,0.15
55,56.0,7.50148e-20,18.0,0.15
56,57.0,-3.96698e-19,18.0,0.15
57,58.0,-2.28511e-19,18.0,0.15
58,59.0,8.40225e-19,18.0,0.15
59,60.0,-6.23304e-19,18.0,0.15
60,61.0,4.35477e-19,18.0,0.15
61,62.0,2.67088e-19,18.0,0.15
62,63.0,2.07322e-19,18.0,0.15
63,64.0,-4.66149e-19,18.0,0.15
64,65.0,1.86095e-19,18.0,0.15
65,66.0,1.07006e-18,18.0,0.15
66,67.0,-1.21092e-18,17.0,0.15
67,68.0,1.98764e-18,17.0,0.15
68,69.0,-3.53892e-18,16.0,0.15
69,70.0,-4.63621e-19,15.0,0.15
70,71.0,1.86667e-18,15.0,0.15
71,72.0,1.09585e-18,14.0,0.15
72,73.0,-4.22708e-19,14.0,0.15
73,74.0,1.37233e-18,14.0,0.15
74,75.0,-2.75637e-19,14.0,0.15
75,76.0,2.17884e-19,14.0,0.15
76,77.0,-5.90147e-19,14.0,0.15
77,78.0,5.7003e-19,14.0,0.15
78,79.0,6.59721e-19,14.0,0.15
79,80.0,-3.75678e-19,14.0,0.15
80,81.0,-9.9615e-19,14.0,0.15
81,82.0,1.31154e-18,14.0,0.15
82,83.0,1.15544e-18,14.0,0.15
83,84.0,9.47269e-20,14.0,0.15
84,85.0,-6.2755e-19,14.0,0.15
85,86.0,-8.81572e-19,14.0,0.15
86,87.0,4.81176e-21,14.0,0.15
87,88.0,6.83528e-19,14.0,0.15
88,89.0,4.06272e-20,14.0,0.15
89,90.0,-8.68724e-19,14.0,0.15
90,91.0,-1.34732e-18,14.0,0.15
91,92.0,-4.1952e-19,14.0,0.15
92,93.0,-6.30597e-20,14.0,0.15
93,94.0,5.83707e-19,14.0,0.15
94,95.0,6.27088e-19,14.0,0.15
95,96.0,-6.78291e-19,14.0,0.15
96,97.0,-1.28132e-18,14.0,0.15
97,98.0,-6.43759e-19,14.0,0.15
98,99.0,2.48023e-19,14.0,0.15
99,100.0,4.38981e-19,14.0,0.15
100,101.0,3.08407e-19,14.0,0.15
101,102.0,6.98679e-19,14.0,0.15
102,103.0,-7.81237e-20,14.0,0.15
103,104.0,-7.26039e-19,14.0,0.15
104,105.0,4.31794e-19,14.0,0.15
105,106.0,-1.22936e-18,14.0,0.15
106,107.0,-1.0962e-19,14.0,0.15
107,108.0,1.72536e-19,14.0,0.15
108,109.0,4.83138e-19,14.0,0.15
109,110.0,5.44981e-19,14.0,0.15
110,111.0,1.03028e-18,14.0,0.15
111,112.0,-1.15324e-18,14.0,0.15
112,113.0,-5.5129e-19,14.0,0.15
113,114.0,-1.323e-18,14.0,0.15
114,115.0,-3.17561e-19,14.0,0.15
115,116.0,3.09149e-19,14.0,0.15
116,117.0,-3.8118e-21,14.0,0.15
117,118.0,6.24111e-19,14.0,0.15
118,119.0,1.02126e-18,14.0,0.15
0,1.0,0.00493369,1.0,0.2
1,2.0,0.00094118,25.0,0.2
2,3.0,0.000205044,81.0,0.2
3,4.0,5.44443e-05,105.0,0.2
4,5.0,1.59299e-05,110.0,0.2
5,6.0,4.94498e-06,110.0,0.2
6,7.0,1.59817e-06,108.0,0.2
7,8.0,5.3194e-07,103.0,0.2
8,9.0,1.81079e-07,96.0,0.2
9,10.0,6.27544e-08,89.0,0.2
10,11.0,2.20658e-08,81.0,0.2
11,12.0,7.85082e-09,75.0,0.2
12,13.0,2.82179e-09,69.0,0.2
13,14.0,1.02586e-09,65.0,0.2
14,15.0,3.74853e-10,60.0,0.2
15,16.0,1.38071e-10,59.0,0.2
16,17.0,3.8368e-11,55.0,0.2
17,18.0,1.56515e-11,49.0,0.2
18,19.0,7.63059e-12,43.0,0.2
19,20.0,1.79382e-11,39.0,0.2
20,21.0,8.03872e-12,37.0,0.2
21,22.0,5.12648e-12,35.0,0.2
22,23.0,1.03462e-12,34.0,0.2
23,24.0,-7.39923e-13,33.0,0.2
24,25.0,-6.10338e-12,32.0,0.2
25,26.0,-5.30518e-14,30.0,0.2
26,27.0,-6.03644e-15,28.0,0.2
27,28.0,2.26541e-15,28.0,0.2
28,29.0,2.11737e-14,27.0,0.2
29,30.0,-2.89568e-14,26.0,0.2
30,31.0,9.38141e-14,24.0,0.2
31,32.0,7.84877e-14,24.0,0.2
32,33.0,5.58548e-14,24.0,0.2
33,34.0,1.95611e-14,24.0,0.2
34,35.0,-8.56315e-16,24.0,0.2
35,36.0,7.22756e-15,24.0,0.2
36,37.0,9.48661e-15,24.0,0.2
37,38.0,-6.83105e-14,23.0,0.2
38,39.0,-1.13669e-14,22.0,0.2
39,40.0,-4.90884e-15,22.0,0.2
40,41.0,-1.94162e-15,22.0,0.2
41,42.0,-7.21605e-16,22.0,0.2
42,43.0,-2.84429e-16,22.0,0.2
43,44.0,-6.53519e-17,22.0,0.2
44,45.0,-4.44472e-17,22.0,0.2
45,46.0,-1.92174e-17,22.0,0.2
46,47.0,-5.25439e-18,21.0,0.2
47,48.0,-8.00708e-18,20.0,0.2
48,49.0,8.25442e-19,19.0,0.2
49,50.0,-3.24158e-19,18.0,0.2
50,51.0,-7.33467e-19,18.0,0.2
51,52.0,1.0312e-18,18.0,0.2
52,53.0,-1.58341e-19,18.0,0.2
53,54.0,3.43343e-19,18.0,0.2
54,55.0,-2.69844e-18,18.0,0.2
55,56.0,1.85025e-18,18.0,0.2
56,57.0,1.61871e-18,18.0,0.2
57,58.0,3.44311e-18,18.0,0.2
58,59.0,-8.22678e-19,18.0,0.2
59,60.0,-1.68395e-18,18.0,0.2
60,61.0,-2.66339e-19,18.0,0.2
61,62.0,4.82286e-19,18.0,0.2
62,63.0,1.81478e-18,18.0,0.2
63,64.0,-1.2146e-18,18.0,0.2
64,65.0,-9.09133e-19,18.0,0.2
65,66.0,2.54466e-19,18.0,0.2
66,67.0,-1.3383e-19,18.0,0.2
67,68.0,3.62117e-19,18.0,0.2
68,69.0,9.02048e-19,18.0,0.2
69,70.0,1.12533e-18,18.0,0.2
70,71.0,-3.26174e-19,18.0,0.2
71,72.0,7.13094e-19,18.0,0.2
72,73.0,-4.5765e-19,18.0,0.2
73,74.0,-5.70992e-19,18.0,0.2
74,75.0,-1.88359e-18,18.0,0.2
75,76.0,-1.58385e-18,18.0,0.2
76,77.0,6.22588e-19,18.0,0.2
77,78.0,-1.40064e-18,18.0,0.2
78,79.0,1.32781e-18,18.0,0.2
79,80.0,4.43349e-19,18.0,0.2
80,81.0,-1.86732e-19,18.0,0.2
81,82.0,6.87732e-19,18.0,0.2
82,83.0,-1.30986e-18,18.0,0.2
83,84.0,-8.1324e-19,18.0,0.2
84,85.0,7.52445e-19,18.0,0.2
85,86.0,-4.07465e-19,18.0,0.2
86,87.0,5.85343e-20,18.0,0.2
87,88.0,-7.58726e-19,18.0,0.2
88,89.0,5.75096e-21,18.0,0.2
89,90.0,-1.85733e-18,18.0,0.2
90,91.0,-1.35003e-19,18.0,0.2
91,92.0,-4.11238e-20,18.0,0.2
92,93.0,4.53311e-19,18.0,0.2
93,94.0,-4.45505e-19,17.0,0.2
94,95.0,4.63473e-19,17.0,0.2
95,96.0,2.15472e-18,17.0,0.2
96,97.0,1.75821e-18,15.0,0.2
97,98.0,7.78946e-19,14.0,0.2
98,99.0,-9.76887e-19,14.0,0.2
99,100.0,2.21267e-18,14.0,0.2
100,101.0,2.34234e-18,14.0,0.2
101,102.0,1.9356e-18,14.0,0.2
102,103.0,1.75891e-18,14.0,0.2
103,104.0,-1.05573e-18,14.0,0.2
104,105.0,-9.94075e-19,14.0,0.2
105,106.0,-2.25649e-18,14.0,0.2
106,107.0,-3.17929e-19,14.0,0.2
107,108.0,1.84615e-19,14.0,0.2
108,109.0,-1.37878e-18,14.0,0.2
109,110.0,-2.63323e-18,14.0,0.2
110,111.0,2.2887e-19,14.0,0.2
111,112.0,-5.83681e-19,14.0,0.2
112,113.0,-2.50999e-18,14.0,0.2
113,114.0,-1.24217e-18,14.0,0.2
114,115.0,1.77712e-19,14.0,0.2
115,116.0,-2.39567e-18,14.0,0.2
116,117.0,-1.91557e-18,14.0,0.2
117,118.0,8.64408e-19,14.0,0.2
118,119.0,4.3231e-19,14.0,0.2
0,1.0,0.0189558,1.0,0.4
1,2.0,0.00314709,45.0,0.4
2,3.0,0.000606218,169.0,0.4
3,4.0,0.000145661,225.0,0.4
4,5.0,3.90786e-05,234.0,0.4
5,6.0,1.12226e-05,232.0,0.4
6,7.0,3.37757e-06,227.0,0.4
7,8.0,1.05223e-06,217.0,0.4
8,9.0,3.36669e-07,203.0,0.4
9,10.0,1.10035e-07,184.0,0.4
10,11.0,3.6586e-08,169.0,0.4
11,12.0,1.23529e-08,157.0,0.4
12,13.0,4.21533e-09,146.0,0.4
13,14.0,1.46669e-09,135.0,0.4
14,15.0,5.22984e-10,126.0,0.4
15,16.0,1.82339e-10,117.0,0.4
16,17.0,8.97665e-11,106.0,0.4
17,18.0,1.79173e-11,96.0,0.4
18,19.0,1.5395e-11,90.0,0.4
19,20.0,1.98324e-12,86.0,0.4
20,21.0,8.88831e-12,80.0,0.4
21,22.0,7.68172e-12,74.0,0.4
22,23.0,2.92489e-11,65.0,0.4
23,24.0,-8.39803e-13,60.0,0.4
24,25.0,-9.8142e-12,58.0,0.4
25,26.0,-1.31229e-13,56.0,0.4
26,27.0,-8.12029e-12,54.0,0.4
27,28.0,1.62209e-12,52.0,0.4
28,29.0,-2.12312e-14,48.0,0.4
29,30.0,-7.61099e-13,46.0,0.4
30,31.0,-3.30252e-13,44.0,0.4
31,32.0,-2.03025e-13,42.0,0.4
32,33.0,1.86241e-13,42.0,0.4
33,34.0,-5.24977e-13,40.0,0.4
34,35.0,-1.05231e-12,39.0,0.4
35,36.0,-5.56671e-13,38.0,0.4
36,37.0,-2.08657e-13,38.0,0.4
37,38.0,-8.59254e-14,38.0,0.4
38,39.0,-3.81864e-14,38.0,0.4
39,40.0,-1.7946e-14,38.0,0.4
40,41.0,1.06368e-13,37.0,0.4
41,42.0,7.18525e-12,36.0,0.4
42,43.0,1.65334e-13,34.0,0.4
43,44.0,-2.77716e-14,34.0,0.4
44,45.0,-2.5811e-14,34.0,0.4
45,46.0,-1.24063e-14,34.0,0.4
46,47.0,-5.5369e-15,34.0,0.4
47,48.0,-2.3564e-15,34.0,0.4
48,49.0,-4.98913e-16,34.0,0.4
49,50.0,-4.32711e-16,34.0,0.4
50,51.0,-1.36377e-17,34.0,0.4
51,52.0,-1.05779e-16,34.0,0.4
52,53.0,-1.64695e-14,33.0,0.4
53,54.0,-3.09044e-15,33.0,0.4
54,55.0,8.25221e-16,33.0,0.4
55,56.0,2.41625e-16,32.0,0.4
56,57.0,-1.50398e-16,31.0,0.4
57,58.0,-4.08912e-15,30.0,0.4
58,59.0,-1.27445e-14,29.0,0.4
59,60.0,-1.15252e-14,29.0,0.4
60,61.0,-3.20858e-16,28.0,0.4
61,62.0,-3.61842e-17,28.0,0.4
62,63.0,-5.76107e-17,28.0,0.4
63,64.0,5.23551e-17,28.0,0.4
64,65.0,2.0939e-16,28.0,0.4
65,66.0,-1.40204e-15,27.0,0.4
66,67.0,-1.17779e-15,27.0,0.4
67,68.0,9.03558e-16,27.0,0.4
68,69.0,-4.17116e-18,26.0,0.4
69,70.0,-7.10855e-17,26.0,0.4
70,71.0,-2.93374e-17,26.0,0.4
71,72.0,-3.24281e-18,26.0,0.4
72,73.0,4.38874e-17,26.0,0.4
73,74.0,-1.36479e-16,26.0,0.4
74,75.0,7.01746e-17,25.0,0.4
75,76.0,-2.62695e-16,25.0,0.4
76,77.0,1.5947e-18,25.0,0.4
77,78.0,-8.61459e-18,25.0,0.4
78,79.0,3.08277e-18,25.0,0.4
79,80.0,1.87062e-17,24.0,0.4
80,81.0,9.8874e-18,24.0,0.4
81,82.0,-1.16889e-19,24.0,0.4
82,83.0,7.07601e-18,24.0,0.4
83,84.0,-5.07909e-18,24.0,0.4
84,85.0,-5.09741e-17,23.0,0.4
85,86.0,1.68236e-18,23.0,0.4
86,87.0,-8.17054e-18,23.0,0.4
87,88.0,-3.62688e-18,23.0,0.4
88,89.0,3.89366e-18,22.0,0.4
89,90.0,7.26993e-18,22.0,0.4
90,91.0,-7.02009e-18,22.0,0.4
91,92.0,2.04809e-17,22.0,0.4
92,93.0,6.16219e-17,22.0,0.4
93,94.0,-8.98717e-18,22.0,0.4
94,95.0,-8.00982e-18,22.0,0.4
95,96.0,-1.49362e-17,21.0,0.4
96,97.0,-5.76647e-18,20.0,0.4
97,98.0,-4.77664e-19,20.0,0.4
98,99.0,-5.85563e-18,20.0,0.4
99,100.0,5.3006e-18,20.0,0.4
100,101.0,4.49289e-20,20.0,0.4
101,102.0,9.21524e-20,20.0,0.4
102,103.0,9.01423e-18,20.0,0.4
103,104.0,6.58593e-18,20.0,0.4
104,105.0,2.93323e-19,19.0,0.4
105,106.0,-8.65045e-18,18.0,0.4
106,107.0,-5.91121e-18,18.0,0.4
107,108.0,2.03354e-18,18.0,0.4
108,109.0,-2.68514e-18,18.0,0.4
109,110.0,4.22243e-18,18.0,0.4
110,111.0,3.08659e-18,18.0,0.4
111,112.0,2.28994e-18,18.0,0.4
112,113.0,1.38351e-18,18.0,0.4
113,114.0,3.81541e-19,18.0,0.4
114,115.0,3.78462e-18,18.0,0.4
115,116.0,-4.0373e-18,18.0,0.4
116,117.0,-3.7621e-18,18.0,0.4
117,118.0,-3.39001e-18,18.0,0.4
118,119.0,-9.71129e-19,18.0,0.4
0,1.0,0.0398526,1.0,0.6
1,2.0,0.00530469,55.0,0.6
2,3.0,0.000840009,315.0,0.6
3,4.0,0.000171794,430.0,0.6
4,5.0,4.0058e-05,453.0,0.6
5,6.0,1.01446e-05,453.0,0.6
6,7.0,2.72177e-06,440.0,0.6
7,8.0,7.62371e-07,415.0,0.6
8,9.0,2.20825e-07,383.0,0.6
9,10.0,6.57212e-08,352.0,0.6
10,11.0,1.99988e-08,322.0,0.6
11,12.0,6.20307e-09,298.0,0.6
12,13.0,1.95303e-09,278.0,0.6
13,14.0,6.35569e-10,258.0,0.6
14,15.0,2.02064e-10,234.0,0.6
15,16.0,6.95767e-11,211.0,0.6
16,17.0,1.09474e-11,193.0,0.6
17,18.0,6.05074e-12,177.0,0.6
18,19.0,1.2077e-12,163.0,0.6
19,20.0,-4.5449e-12,149.0,0.6
20,21.0,-1.68523e-11,136.0,0.6
21,22.0,-2.14269e-12,124.0,0.6
22,23.0,1.80614e-12,117.0,0.6
23,24.0,-5.35129e-12,110.0,0.6
24,25.0,-1.08114e-11,104.0,0.6
25,26.0,-7.31931e-12,96.0,0.6
26,27.0,-2.75099e-12,91.0,0.6
27,28.0,-1.16961e-12,86.0,0.6
28,29.0,-2.49732e-13,83.0,0.6
29,30.0,-9.00179e-12,80.0,0.6
30,31.0,2.42024e-12,78.0,0.6
31,32.0,-1.98913e-12,76.0,0.6
32,33.0,1.28263e-11,73.0,0.6
33,34.0,1.35027e-11,71.0,0.6
34,35.0,1.34616e-11,70.0,0.6
35,36.0,-2.75597e-12,68.0,0.6
36,37.0,-1.50824e-12,66.0,0.6
37,38.0,4.16837e-12,64.0,0.6
38,39.0,1.97049e-12,62.0,0.6
39,40.0,5.58422e-13,62.0,0.6
40,41.0,4.41779e-12,61.0,0.6
41,42.0,4.3408e-12,59.0,0.6
42,43.0,-9.1882e-13,57.0,0.6
43,44.0,-1.05914e-12,57.0,0.6
44,45.0,-1.01339e-12,56.0,0.6
45,46.0,-7.22784e-13,56.0,0.6
46,47.0,-4.47219e-13,56.0,0.6
47,48.0,-2.72411e-13,56.0,0.6
48,49.0,-1.60667e-13,55.0,0.6
49,50.0,-2.93577e-13,54.0,0.6
50,51.0,-7.34862e-14,52.0,0.6
51,52.0,-1.77479e-14,52.0,0.6
52,53.0,-4.58157e-15,52.0,0.6
53,54.0,-8.88002e-16,52.0,0.6
54,55.0,-1.51824e-14,52.0,0.6
55,56.0,1.17288e-16,50.0,0.6
56,57.0,-1.06745e-15,50.0,0.6
57,58.0,4.87274e-17,49.0,0.6
58,59.0,-1.79521e-18,48.0,0.6
59,60.0,-2.05022e-16,48.0,0.6
60,61.0,9.29315e-17,47.0,0.6
61,62.0,1.43053e-16,46.0,0.6
62,63.0,6.25774e-16,46.0,0.6
63,64.0,8.84781e-19,46.0,0.6
64,65.0,2.64325e-16,46.0,0.6
65,66.0,-3.75412e-16,46.0,0.6
66,67.0,2.77091e-16,46.0,0.6
67,68.0,-6.43171e-16,46.0,0.6
68,69.0,1.01449e-16,46.0,0.6
69,70.0,1.01099e-16,46.0,0.6
70,71.0,9.40904e-17,46.0,0.6
71,72.0,-6.07615e-17,46.0,0.6
72,73.0,2.43692e-17,45.0,0.6
73,74.0,-2.73612e-17,44.0,0.6
74,75.0,4.71748e-16,44.0,0.6
75,76.0,6.31228e-18,44.0,0.6
76,77.0,-6.77786e-17,43.0,0.6
77,78.0,2.33142e-16,43.0,0.6
78,79.0,3.71295e-17,42.0,0.6
79,80.0,-1.84363e-16,42.0,0.6
80,81.0,9.50438e-17,42.0,0.6
81,82.0,-1.18729e-16,42.0,0.6
82,83.0,8.47455e-17,42.0,0.6
83,84.0,-2.23273e-16,42.0,0.6
84,85.0,1.89115e-16,42.0,0.6
85,86.0,-1.5197e-15,40.0,0.6
86,87.0,-5.63519e-17,40.0,0.6
87,88.0,-3.05655e-17,40.0,0.6
88,89.0,-3.03317e-17,40.0,0.6
89,90.0,-2.09187e-16,40.0,0.6
90,91.0,-2.78861e-16,40.0,0.6
91,92.0,-7.18853e-16,40.0,0.6
92,93.0,-7.44714e-16,40.0,0.6
93,94.0,-7.40274e-16,40.0,0.6
94,95.0,6.5677e-16,40.0,0.6
95,96.0,5.28878e-16,40.0,0.6
96,97.0,-5.21439e-17,40.0,0.6
97,98.0,-1.19989e-15,38.0,0.6
98,99.0,7.76148e-16,37.0,0.6
99,100.0,1.61649e-15,37.0,0.6
100,101.0,1.22235e-15,37.0,0.6
101,102.0,1.01806e-16,37.0,0.6
102,103.0,1.10771e-16,37.0,0.6
103,104.0,-8.20872e-16,37.0,0.6
104,105.0,3.90268e-14,35.0,0.6
105,106.0,1.4757e-13,35.0,0.6
106,107.0,2.15848e-13,35.0,0.6
107,108.0,2.55085e-13,35.0,0.6
108,109.0,2.73753e-13,35.0,0.6
109,110.0,1.36754e-14,35.0,0.6
110,111.0,4.68242e-16,34.0,0.6
111,112.0,1.21816e-15,34.0,0.6
112,113.0,5.46714e-15,34.0,0.6
113,114.0,-3.8548e-16,34.0,0.6
114,115.0,-1.69078e-15,33.0,0.6
115,116.0,-1.66327e-15,33.0,0.6
116,117.0,-3.48563e-16,32.0,0.6
117,118.0,5.5753e-16,32.0,0.6
118,119.0,3.43653e-16,31.0,0.6
0,1.0,0.064325,1.0,0.8
1,2.0,0.00644681,63.0,0.8
2,3.0,0.00079053,524.0,0.8
3,4.0,0.000130102,795.0,0.8
4,5.0,2.5064e-05,849.0,0.8
5,6.0,5.34818e-06,845.0,0.8
6,7.0,1.22749e-06,809.0,0.8
7,8.0,2.97691e-07,760.0,0.8
8,9.0,7.53955e-08,705.0,0.8
9,10.0,1.97821e-08,649.0,0.8
10,11.0,5.35543e-09,597.0,0.8
11,12.0,1.47769e-09,546.0,0.8
12,13.0,4.19779e-10,498.0,0.8
13,14.0,1.21801e-10,453.0,0.8
14,15.0,4.29103e-11,411.0,0.8
15,16.0,3.25006e-12,372.0,0.8
16,17.0,2.05338e-12,339.0,0.8
17,18.0,-1.35276e-12,311.0,0.8
18,19.0,7.86998e-12,282.0,0.8
19,20.0,7.26552e-13,256.0,0.8
20,21.0,-2.86066e-12,234.0,0.8
21,22.0,3.69402e-13,216.0,0.8
22,23.0,-1.72035e-12,197.0,0.8
23,24.0,-4.0576e-12,181.0,0.8
24,25.0,1.3181e-12,169.0,0.8
25,26.0,5.17074e-12,160.0,0.8
26,27.0,5.76422e-12,150.0,0.8
27,28.0,1.89144e-11,142.0,0.8
28,29.0,1.10299e-11,134.0,0.8
29,30.0,1.21242e-11,126.0,0.8
30,31.0,-8.71e-13,119.0,0.8
31,32.0,-1.56581e-12,113.0,0.8
32,33.0,3.87406e-13,111.0,0.8
33,34.0,-7.29878e-13,107.0,0.8
34,35.0,-3.34151e-13,103.0,0.8
35,36.0,-9.36885e-13,100.0,0.8
36,37.0,-5.86526e-13,98.0,0.8
37,38.0,-1.76892e-12,94.0,0.8
38,39.0,1.05227e-13,92.0,0.8
39,40.0,1.76297e-17,90.0,0.8
40,41.0,1.00344e-13,88.0,0.8
41,42.0,-3.81001e-13,87.0,0.8
42,43.0,-1.98622e-12,86.0,0.8
43,44.0,3.7552e-12,85.0,0.8
44,45.0,8.44139e-12,83.0,0.8
45,46.0,1.75727e-13,81.0,0.8
46,47.0,8.94718e-14,79.0,0.8
47,48.0,-3.76734e-14,78.0,0.8
48,49.0,-1.25604e-14,78.0,0.8
49,50.0,-7.33808e-15,77.0,0.8
50,51.0,-5.06925e-16,76.0,0.8
51,52.0,2.88033e-14,76.0,0.8
52,53.0,4.70397e-15,75.0,0.8
53,54.0,4.39752e-16,74.0,0.8
54,55.0,8.73837e-17,73.0,0.8
55,56.0,1.90653e-16,72.0,0.8
56,57.0,-8.093e-16,72.0,0.8
57,58.0,7.62953e-15,72.0,0.8
58,59.0,8.70911e-16,70.0,0.8
59,60.0,1.88175e-16,69.0,0.8
60,61.0,-1.33074e-16,68.0,0.8
61,62.0,4.35427e-16,67.0,0.8
62,63.0,-3.33303e-17,66.0,0.8
63,64.0,1.3718e-16,66.0,0.8
64,65.0,3.47483e-16,66.0,0.8
65,66.0,-2.42175e-16,65.0,0.8
66,67.0,-1.10658e-16,65.0,0.8
67,68.0,-8.75988e-18,64.0,0.8
68,69.0,1.01654e-16,64.0,0.8
69,70.0,3.06143e-16,64.0,0.8
70,71.0,3.88741e-16,63.0,0.8
71,72.0,2.22448e-17,63.0,0.8
72,73.0,2.47222e-16,62.0,0.8
73,74.0,-7.18459e-16,62.0,0.8
74,75.0,9.32104e-17,61.0,0.8
75,76.0,2.01273e-16,60.0,0.8
76,77.0,-1.28009e-16,60.0,0.8
77,78.0,-9.22222e-16,60.0,0.8
78,79.0,1.05315e-16,60.0,0.8
79,80.0,8.75696e-16,60.0,0.8
80,81.0,-2.03852e-16,60.0,0.8
81,82.0,-4.36884e-16,60.0,0.8
82,83.0,-1.7138e-16,60.0,0.8
83,84.0,-1.51396e-16,59.0,0.8
84,85.0,-9.92162e-17,58.0,0.8
85,86.0,-1.11602e-16,58.0,0.8
86,87.0,-6.73006e-16,57.0,0.8
87,88.0,3.9789e-17,56.0,0.8
88,89.0,-1.69804e-17,56.0,0.8
89,90.0,2.68434e-17,54.0,0.8
90,91.0,-1.69101e-18,54.0,0.8
91,92.0,-8.36559e-17,54.0,0.8
92,93.0,9.16033e-18,54.0,0.8
93,94.0,3.59106e-17,54.0,0.8
94,95.0,2.91568e-16,54.0,0.8
95,96.0,-5.56511e-17,54.0,0.8
96,97.0,6.37751e-17,54.0,0.8
97,98.0,8.5538e-17,54.0,0.8
98,99.0,-5.75308e-16,52.0,0.8
99,100.0,-1.95659e-16,52.0,0.8
100,101.0,2.42018e-17,52.0,0.8
101,102.0,-2.83958e-17,52.0,0.8
102,103.0,1.64588e-16,52.0,0.8
103,104.0,1.0933e-16,52.0,0.8
104,105.0,3.14451e-16,50.0,0.8
105,106.0,-1.237e-16,50.0,0.8
106,107.0,-3.10203e-17,50.0,0.8
107,108.0,-7.26447e-16,50.0,0.8
108,109.0,1.93506e-16,50.0,0.8
109,110.0,-3.2384e-16,50.0,0.8
110,111.0,-1.79784e-16,50.0,0.8
111,112.0,1.61624e-16,50.0,0.8
112,113.0,-7.76316e-17,50.0,0.8
113,114.0,1.53545e-16,50.0,0.8
114,115.0,1.24301e-17,50.0,0.8
115,116.0,-6.98056e-17,50.0,0.8
116,117.0,-1.42986e-16,50.0,0.8
117,118.0,-2.71586e-16,50.0,0.8
118,119.0,2.25459e-17,50.0,0.8
0,1.0,0.108587,1.0,1.2
1,2.0,0.00594568,64.0,1.2
2,3.0,0.00040185,1104.0,1.2
3,4.0,3.72506e-05,2337.0,1.2
