,time,EV,th
0,1.0,0.000624479,0.05
1,2.0,0.000622921,0.05
2,3.0,0.000621851,0.05
3,4.0,0.000621045,0.05
4,5.0,0.00062037,0.05
5,6.0,0.000619778,0.05
6,7.0,0.000619245,0.05
7,8.0,0.000618756,0.05
8,9.0,0.000618303,0.05
9,10.0,0.000617878,0.05
10,11.0,0.000617477,0.05
11,12.0,0.000617093,0.05
12,13.0,0.000616732,0.05
13,14.0,0.000616399,0.05
14,15.0,0.000616087,0.05
15,16.0,0.000615781,0.05
16,17.0,0.000615459,0.05
17,18.0,0.000615121,0.05
18,19.0,0.00061475,0.05
19,20.0,0.000614345,0.05
20,21.0,0.000613836,0.05
21,22.0,0.000613286,0.05
22,23.0,0.000612794,0.05
23,24.0,0.000612334,0.05
24,25.0,0.000611941,0.05
25,26.0,0.000611642,0.05
26,27.0,0.000611399,0.05
27,28.0,0.00061128,0.05
28,29.0,0.000611137,0.05
29,30.0,0.000610831,0.05
30,31.0,0.000610348,0.05
31,32.0,0.000609616,0.05
32,33.0,0.00060881,0.05
33,34.0,0.000607666,0.05
34,35.0,0.000606522,0.05
35,36.0,0.000605484,0.05
36,37.0,0.000604354,0.05
37,38.0,0.000603245,0.05
38,39.0,0.000602027,0.05
39,40.0,0.000600513,0.05
40,41.0,0.00059859,0.05
41,42.0,0.000596494,0.05
42,43.0,0.000594101,0.05
43,44.0,0.000590998,0.05
44,45.0,0.000587656,0.05
45,46.0,0.000585391,0.05
0,1.0,0.00249168,0.1
1,2.0,0.00246692,0.1
2,3.0,0.00245005,0.1
3,4.0,0.00243738,0.1
4,5.0,0.00242682,0.1
5,6.0,0.00241759,0.1
6,7.0,0.0024093,0.1
7,8.0,0.00240171,0.1
8,9.0,0.00239468,0.1
9,10.0,0.00238811,0.1
10,11.0,0.00238191,0.1
11,12.0,0.00237602,0.1
12,13.0,0.00237043,0.1
13,14.0,0.00236513,0.1
14,15.0,0.00236008,0.1
15,16.0,0.0023552,0.1
16,17.0,0.00235039,0.1
17,18.0,0.00234565,0.1
18,19.0,0.0023409,0.1
19,20.0,0.00233614,0.1
20,21.0,0.00233109,0.1
21,22.0,0.00232599,0.1
22,23.0,0.00232118,0.1
23,24.0,0.00231657,0.1
24,25.0,0.00231226,0.1
25,26.0,0.00230836,0.1
26,27.0,0.0023047,0.1
27,28.0,0.00230153,0.1
28,29.0,0.00229833,0.1
29,30.0,0.00229459,0.1
30,31.0,0.00229028,0.1
31,32.0,0.00228513,0.1
32,33.0,0.00227977,0.1
33,34.0,0.00227326,0.1
34,35.0,0.0022668,0.1
35,36.0,0.00226075,0.1
36,37.0,0.00225444,0.1
37,38.0,0.00224825,0.1
38,39.0,0.00224172,0.1
39,40.0,0.00223421,0.1
40,41.0,0.00222534,0.1
41,42.0,0.00221594,0.1
42,43.0,0.00220559,0.1
43,44.0,0.00219285,0.1
44,45.0,0.00217935,0.1
0,1.0,0.00558294,0.15
1,2.0,0.00545907,0.15
2,3.0,0.00537568,0.15
3,4.0,0.0053135,0.15
4,5.0,0.00526199,0.15
5,6.0,0.00521718,0.15
6,7.0,0.00517711,0.15
7,8.0,0.00514058,0.15
8,9.0,0.00510688,0.15
9,10.0,0.00507545,0.15
10,11.0,0.00504594,0.15
11,12.0,0.00501801,0.15
12,13.0,0.00499153,0.15
13,14.0,0.00496637,0.15
14,15.0,0.00494234,0.15
15,16.0,0.00491925,0.15
16,17.0,0.00489685,0.15
17,18.0,0.00487507,0.15
18,19.0,0.00485373,0.15
19,20.0,0.00483278,0.15
20,21.0,0.00481169,0.15
21,22.0,0.00479086,0.15
22,23.0,0.00477091,0.15
23,24.0,0.00475164,0.15
24,25.0,0.00473323,0.15
25,26.0,0.00471582,0.15
26,27.0,0.00469909,0.15
27,28.0,0.00468349,0.15
28,29.0,0.00466802,0.15
29,30.0,0.00465175,0.15
30,31.0,0.00463462,0.15
31,32.0,0.00461614,0.15
32,33.0,0.00459746,0.15
33,34.0,0.00457689,0.15
34,35.0,0.00455659,0.15
35,36.0,0.00453722,0.15
36,37.0,0.00451756,0.15
37,38.0,0.00449829,0.15
38,39.0,0.0044786,0.15
39,40.0,0.00445736,0.15
40,41.0,0.00443388,0.15
41,42.0,0.0044097,0.15
42,43.0,0.00438411,0.15
43,44.0,0.00435454,0.15
44,45.0,0.00432384,0.15
0,1.0,0.00986738,0.2
1,2.0,0.00948239,0.2
2,3.0,0.00922736,0.2
3,4.0,0.00903914,0.2
4,5.0,0.00888447,0.2
5,6.0,0.0087509,0.2
6,7.0,0.00863217,0.2
7,8.0,0.00852459,0.2
8,9.0,0.00842581,0.2
9,10.0,0.00833418,0.2
10,11.0,0.0082485,0.2
11,12.0,0.00816785,0.2
12,13.0,0.00809162,0.2
13,14.0,0.00801936,0.2
14,15.0,0.00795054,0.2
15,16.0,0.00788471,0.2
16,17.0,0.00782132,0.2
17,18.0,0.00776015,0.2
18,19.0,0.00770085,0.2
19,20.0,0.00764323,0.2
20,21.0,0.00758646,0.2
21,22.0,0.00753104,0.2
22,23.0,0.00747775,0.2
23,24.0,0.00742624,0.2
24,25.0,0.00737667,0.2
25,26.0,0.00732917,0.2
26,27.0,0.00728325,0.2
27,28.0,0.00723945,0.2
28,29.0,0.00719638,0.2
29,30.0,0.00715279,0.2
30,31.0,0.00710858,0.2
31,32.0,0.00706308,0.2
32,33.0,0.00701783,0.2
33,34.0,0.00697057,0.2
34,35.0,0.00692417,0.2
35,36.0,0.00687944,0.2
36,37.0,0.00683484,0.2
37,38.0,0.00679122,0.2
38,39.0,0.00674747,0.2
39,40.0,0.00670221,0.2
40,41.0,0.00665454,0.2
41,42.0,0.00660654,0.2
42,43.0,0.00655732,0.2
43,44.0,0.00650358,0.2
44,45.0,0.00644889,0.2
0,1.0,0.0379117,0.4
1,2.0,0.032414,0.4
2,3.0,0.0291445,0.4
3,4.0,0.0268882,0.4
4,5.0,0.0251309,0.4
5,6.0,0.0236821,0.4
6,7.0,0.0224467,0.4
7,8.0,0.021369,0.4
8,9.0,0.0204135,0.4
9,10.0,0.0195558,0.4
10,11.0,0.0187784,0.4
11,12.0,0.0180681,0.4
12,13.0,0.0174149,0.4
13,14.0,0.0168111,0.4
14,15.0,0.0162502,0.4
15,16.0,0.015727,0.4
16,17.0,0.0152371,0.4
17,18.0,0.0147768,0.4
18,19.0,0.0143431,0.4
19,20.0,0.0139335,0.4
20,21.0,0.0135451,0.4
21,22.0,0.0131765,0.4
22,23.0,0.0128268,0.4
23,24.0,0.0124942,0.4
24,25.0,0.0121774,0.4
25,26.0,0.0118754,0.4
26,27.0,0.0115868,0.4
27,28.0,0.0113109,0.4
28,29.0,0.0110462,0.4
29,30.0,0.0107913,0.4
30,31.0,0.0105454,0.4
31,32.0,0.0103076,0.4
32,33.0,0.0100784,0.4
33,34.0,0.00985616,0.4
34,35.0,0.00964194,0.4
35,36.0,0.00943573,0.4
36,37.0,0.00923651,0.4
37,38.0,0.00904429,0.4
38,39.0,0.00885816,0.4
39,40.0,0.00867738,0.4
40,41.0,0.00850126,0.4
41,42.0,0.00833069,0.4
42,43.0,0.00816517,0.4
43,44.0,0.00800298,0.4
44,45.0,0.00784523,0.4
45,46.0,0.00769505,0.4
46,47.0,0.00755257,0.4
47,48.0,0.00741482,0.4
48,49.0,0.00728516,0.4
49,50.0,0.00716159,0.4
50,51.0,0.00704463,0.4
51,52.0,0.00693175,0.4
52,53.0,0.00682264,0.4
53,54.0,0.00671667,0.4
54,55.0,0.00659281,0.4
55,56.0,0.00647144,0.4
56,57.0,0.00634509,0.4
57,58.0,0.00621951,0.4
58,59.0,0.0060933,0.4
59,60.0,0.00597266,0.4
60,61.0,0.00585598,0.4
61,62.0,0.0057309,0.4
62,63.0,0.00560444,0.4
63,64.0,0.00547605,0.4
64,65.0,0.00533426,0.4
65,66.0,0.00519681,0.4
66,67.0,0.00504699,0.4
67,68.0,0.00488923,0.4
68,69.0,0.00471676,0.4
69,70.0,0.00453188,0.4
0,1.0,0.0797053,0.6
1,2.0,0.0566028,0.6
2,3.0,0.0449882,0.6
3,4.0,0.0377405,0.6
4,5.0,0.0325423,0.6
5,6.0,0.0285563,0.6
6,7.0,0.025373,0.6
7,8.0,0.022759,0.6
8,9.0,0.0205682,0.6
9,10.0,0.0187029,0.6
10,11.0,0.0170947,0.6
11,12.0,0.0156937,0.6
12,13.0,0.0144627,0.6
13,14.0,0.013373,0.6
14,15.0,0.0124023,0.6
15,16.0,0.0115328,0.6
16,17.0,0.01075,0.6
17,18.0,0.0100423,0.6
18,19.0,0.00939986,0.6
19,20.0,0.00881465,0.6
20,21.0,0.00827973,0.6
21,22.0,0.00778944,0.6
22,23.0,0.00733892,0.6
23,24.0,0.00692388,0.6
24,25.0,0.00654065,0.6
25,26.0,0.00618604,0.6
26,27.0,0.0058572,0.6
27,28.0,0.00555173,0.6
28,29.0,0.0052674,0.6
29,30.0,0.00500223,0.6
30,31.0,0.00475456,0.6
31,32.0,0.00452287,0.6
32,33.0,0.00430591,0.6
33,34.0,0.0041024,0.6
34,35.0,0.00391139,0.6
35,36.0,0.00373194,0.6
36,37.0,0.00356313,0.6
37,38.0,0.00340419,0.6
38,39.0,0.00325434,0.6
39,40.0,0.00311292,0.6
40,41.0,0.0029793,0.6
41,42.0,0.00285301,0.6
42,43.0,0.00273356,0.6
43,44.0,0.00262038,0.6
44,45.0,0.00251313,0.6
45,46.0,0.00241154,0.6
46,47.0,0.00231524,0.6
47,48.0,0.00222379,0.6
48,49.0,0.00213707,0.6
49,50.0,0.00205466,0.6
50,51.0,0.00197634,0.6
51,52.0,0.00190176,0.6
52,53.0,0.00183073,0.6
53,54.0,0.00176301,0.6
54,55.0,0.0016978,0.6
55,56.0,0.0016356,0.6
56,57.0,0.00157601,0.6
57,58.0,0.00151907,0.6
58,59.0,0.0014646,0.6
59,60.0,0.00141263,0.6
60,61.0,0.00136299,0.6
61,62.0,0.00131537,0.6
62,63.0,0.00126974,0.6
63,64.0,0.00122604,0.6
64,65.0,0.0011839,0.6
65,66.0,0.00114365,0.6
66,67.0,0.00110481,0.6
67,68.0,0.00106748,0.6
68,69.0,0.00103144,0.6
69,70.0,0.000996646,0.6
0,1.0,0.12865,0.8
1,2.0,0.072018,0.8
2,3.0,0.0489516,0.8
3,4.0,0.0362152,0.8
4,5.0,0.0279988,0.8
5,6.0,0.0222768,0.8
6,7.0,0.0180966,0.8
7,8.0,0.0149382,0.8
8,9.0,0.0124904,0.8
9,10.0,0.0105551,0.8
10,11.0,0.00899991,0.8
11,12.0,0.00773316,0.8
12,13.0,0.0066894,0.8
13,14.0,0.00582082,0.8
14,15.0,0.00509172,0.8
15,16.0,0.00447503,0.8
16,17.0,0.00394985,0.8
17,18.0,0.00349988,0.8
18,19.0,0.0031122,0.8
19,20.0,0.00277653,0.8
20,21.0,0.00248454,0.8
21,22.0,0.00222949,0.8
22,23.0,0.00200583,0.8
23,24.0,0.00180901,0.8
24,25.0,0.00163522,0.8
25,26.0,0.00148129,0.8
26,27.0,0.00134455,0.8
27,28.0,0.00122275,0.8
28,29.0,0.00111398,0.8
29,30.0,0.00101661,0.8
30,31.0,0.000929249,0.8
31,32.0,0.000850695,0.8
32,33.0,0.000779919,0.8
33,34.0,0.000716027,0.8
34,35.0,0.000658245,0.8
35,36.0,0.000605898,0.8
36,37.0,0.000558395,0.8
37,38.0,0.00051522,0.8
38,39.0,0.000475916,0.8
39,40.0,0.000440085,0.8
40,41.0,0.000407374,0.8
41,42.0,0.000377471,0.8
42,43.0,0.000350101,0.8
43,44.0,0.000325016,0.8
44,45.0,0.000301999,0.8
45,46.0,0.000280857,0.8
46,47.0,0.000261413,0.8
47,48.0,0.000243514,0.8
48,49.0,0.000227019,0.8
49,50.0,0.000211803,0.8
50,51.0,0.000197753,0.8
51,52.0,0.000184766,0.8
52,53.0,0.000172753,0.8
53,54.0,0.000161629,0.8
54,55.0,0.000151318,0.8
55,56.0,0.000141756,0.8
56,57.0,0.000132879,0.8
57,58.0,0.000124634,0.8
58,59.0,0.000116968,0.8
59,60.0,0.000109837,0.8
60,61.0,0.000103199,0.8
61,62.0,9.70149e-05,0.8
62,63.0,9.12497e-05,0.8
63,64.0,8.58719e-05,0.8
64,65.0,8.08511e-05,0.8
65,66.0,7.61622e-05,0.8
66,67.0,7.17792e-05,0.8
67,68.0,6.76807e-05,0.8
68,69.0,6.38455e-05,0.8
69,70.0,6.02543e-05,0.8
0,1.0,0.217174,1.2
1,2.0,0.0733501,1.2
2,3.0,0.0354213,1.2
3,4.0,0.0192045,1.2
4,5.0,0.0110934,1.2
5,6.0,0.00670002,1.2
6,7.0,0.00419057,1.2
7,8.0,0.0026983,1.2
8,9.0,0.00178129,1.2
9,10.0,0.00120186,1.2
10,11.0,0.000826717,1.2
11,12.0,0.000578564,1.2
12,13.0,0.000411222,1.2
13,14.0,0.0002964,1.2
14,15.0,0.000216366,1.2
15,16.0,0.000159778,1.2
16,17.0,0.000119241,1.2
17,18.0,8.98528e-05,1.2
18,19.0,6.8312e-05,1.2
19,20.0,5.23628e-05,1.2
20,21.0,4.04427e-05,1.2
21,22.0,3.14566e-05,1.2
22,23.0,2.46278e-05,1.2
23,24.0,1.93994e-05,1.2
24,25.0,1.53684e-05,1.2
25,26.0,1.22402e-05,1.2
26,27.0,9.79791e-06,1.2
27,28.0,7.88006e-06,1.2
28,29.0,6.36595e-06,1.2
29,30.0,5.16448e-06,1.2
30,31.0,4.20653e-06,1.2
31,32.0,3.43925e-06,1.2
32,33.0,2.82206e-06,1.2
33,34.0,2.32356e-06,1.2
34,35.0,1.91936e-06,1.2
35,36.0,1.59042e-06,1.2
36,37.0,1.32177e-06,1.2
37,38.0,1.10163e-06,1.2
38,39.0,9.20655e-07,1.2
39,40.0,7.71421e-07,1.2
40,41.0,6.47999e-07,1.2
41,42.0,5.45636e-07,1.2
42,43.0,4.60507e-07,1.2
43,44.0,3.89527e-07,1.2
44,45.0,3.30196e-07,1.2
45,46.0,2.80482e-07,1.2
46,47.0,2.38729e-07,1.2
47,48.0,2.03585e-07,1.2
48,49.0,1.73938e-07,1.2
49,50.0,1.48877e-07,1.2
50,51.0,1.27649e-07,1.2
51,52.0,1.09633e-07,1.2
52,53.0,9.43148e-08,1.2
53,54.0,8.12657e-08,1.2
54,55.0,7.01301e-08,1.2
55,56.0,6.06111e-08,1.2
56,57.0,5.24604e-08,1.2
57,58.0,4.547e-08,1.2
58,59.0,3.94653e-08,1.2
59,60.0,3.42994e-08,1.2
60,61.0,2.98485e-08,1.2
61,62.0,2.60081e-08,1.2
62,63.0,2.26899e-08,1.2
63,64.0,1.98188e-08,1.2
64,65.0,1.73314e-08,1.2
65,66.0,1.51735e-08,1.2
66,67.0,1.32991e-08,1.2
67,68.0,1.1669e-08,1.2
68,69.0,1.02496e-08,1.2
69,70.0,9.01225e-09,1.2
70,71.0,7.93231e-09,1.2
